-- Auto-generated by scripts/generate-seed.ts — do not edit by hand.
-- Re-run `npm run generate:seed` after changing src/content/*.

INSERT OR IGNORE INTO categories (id, slug, icon, name_en, name_id, sort_order) VALUES ('cat_bedtime', 'bedtime', '🌙', 'Bedtime', 'Dongeng Tidur', 1);
INSERT OR IGNORE INTO categories (id, slug, icon, name_en, name_id, sort_order) VALUES ('cat_fairy-tales', 'fairy-tales', '🏰', 'Fairy Tales', 'Dongeng', 2);
INSERT OR IGNORE INTO categories (id, slug, icon, name_en, name_id, sort_order) VALUES ('cat_adventure', 'adventure', '🧭', 'Adventure', 'Petualangan', 3);
INSERT OR IGNORE INTO categories (id, slug, icon, name_en, name_id, sort_order) VALUES ('cat_animals', 'animals', '🐾', 'Animals', 'Hewan', 4);
INSERT OR IGNORE INTO categories (id, slug, icon, name_en, name_id, sort_order) VALUES ('cat_dinosaur', 'dinosaur', '🦕', 'Dinosaur', 'Dinosaurus', 5);
INSERT OR IGNORE INTO categories (id, slug, icon, name_en, name_id, sort_order) VALUES ('cat_space', 'space', '🚀', 'Space', 'Antariksa', 6);
INSERT OR IGNORE INTO categories (id, slug, icon, name_en, name_id, sort_order) VALUES ('cat_science', 'science', '🔬', 'Science', 'Sains', 7);
INSERT OR IGNORE INTO categories (id, slug, icon, name_en, name_id, sort_order) VALUES ('cat_learning', 'learning', '📚', 'Learning', 'Belajar', 8);
INSERT OR IGNORE INTO categories (id, slug, icon, name_en, name_id, sort_order) VALUES ('cat_moral-stories', 'moral-stories', '❤️', 'Moral Stories', 'Cerita Moral', 9);

INSERT OR IGNORE INTO authors (id, name, bio, avatar_seed, is_staff, created_at, updated_at) VALUES ('aut_axto-creative-team', 'AXTO Creative Team', 'In-house storytellers at AXTO.', 'axto-team', 1, 1783015290065, 1783015290065);
INSERT OR IGNORE INTO authors (id, name, bio, avatar_seed, is_staff, created_at, updated_at) VALUES ('aut_sarah-johnson', 'Sarah Johnson', 'Children’s author and illustrator.', 'sarah-johnson', 1, 1783015290065, 1783015290065);
INSERT OR IGNORE INTO authors (id, name, bio, avatar_seed, is_staff, created_at, updated_at) VALUES ('aut_david-lee', 'David Lee', 'Writes gentle sci-fi tales for curious kids.', 'david-lee', 1, 1783015290065, 1783015290065);
INSERT OR IGNORE INTO authors (id, name, bio, avatar_seed, is_staff, created_at, updated_at) VALUES ('aut_emily-clark', 'Emily Clark', 'Marine biologist turned storyteller.', 'emily-clark', 1, 1783015290065, 1783015290065);
INSERT OR IGNORE INTO authors (id, name, bio, avatar_seed, is_staff, created_at, updated_at) VALUES ('aut_siti-aminah', 'Siti Aminah', 'Penulis dongeng untuk anak-anak Indonesia.', 'siti-aminah', 1, 1783015290065, 1783015290065);

INSERT OR IGNORE INTO books (id, slug, title_en, title_id, description_en, description_id, category_id, author_id, cover_palette, cover_emoji, age_min, age_max, is_premium, status, page_count, read_count, created_at, updated_at) VALUES ('bok_the-little-fox', 'the-little-fox', 'The Little Fox', 'The Little Fox', 'A curious little fox sets off into the forest and discovers that being brave means asking for help too.', 'Seekor rubah kecil yang penasaran menjelajahi hutan dan belajar bahwa berani juga berarti berani meminta bantuan.', 'cat_adventure', 'aut_axto-creative-team', 'sunrise', '🦊', 3, 7, 0, 'published', 8, 4279, 1783015290065, 1783015290065);
INSERT OR IGNORE INTO book_pages (id, book_id, page_number, illustration_seed, text_en, text_id) VALUES ('pag_the-little-fox_1', 'bok_the-little-fox', 1, 'fox-1', 'Once upon a time, in a beautiful forest, there lived a little fox. He was curious, brave, and loved adventures.', 'Pada suatu waktu, di sebuah hutan yang indah, hiduplah seekor rubah kecil. Ia penasaran, berani, dan suka berpetualang.');
INSERT OR IGNORE INTO book_pages (id, book_id, page_number, illustration_seed, text_en, text_id) VALUES ('pag_the-little-fox_2', 'bok_the-little-fox', 2, 'fox-2', 'Every morning, the little fox woke up early to explore a new corner of the forest.', 'Setiap pagi, rubah kecil itu bangun lebih awal untuk menjelajahi sudut hutan yang baru.');
INSERT OR IGNORE INTO book_pages (id, book_id, page_number, illustration_seed, text_en, text_id) VALUES ('pag_the-little-fox_3', 'bok_the-little-fox', 3, 'fox-3', 'One day, he found a path he had never seen before. It wound deep into the tall, whispering trees.', 'Suatu hari, ia menemukan jalan setapak yang belum pernah dilihatnya. Jalan itu berkelok masuk ke rimbunnya pepohonan.');
INSERT OR IGNORE INTO book_pages (id, book_id, page_number, illustration_seed, text_en, text_id) VALUES ('pag_the-little-fox_4', 'bok_the-little-fox', 4, 'fox-4', 'He walked and walked, until suddenly the path split into three directions. The little fox did not know which way to go.', 'Ia berjalan terus, sampai tiba-tiba jalan itu bercabang menjadi tiga arah. Rubah kecil tidak tahu harus memilih arah mana.');
INSERT OR IGNORE INTO book_pages (id, book_id, page_number, illustration_seed, text_en, text_id) VALUES ('pag_the-little-fox_5', 'bok_the-little-fox', 5, 'fox-5', 'A wise old owl saw him standing there. "Being brave doesn''t mean you have to know everything," she said. "It''s also brave to ask for help."', 'Seekor burung hantu tua yang bijak melihatnya berdiri kebingungan. "Berani bukan berarti harus tahu segalanya," katanya. "Meminta bantuan juga adalah keberanian."');
INSERT OR IGNORE INTO book_pages (id, book_id, page_number, illustration_seed, text_en, text_id) VALUES ('pag_the-little-fox_6', 'bok_the-little-fox', 6, 'fox-6', 'So the little fox asked the owl for directions. Together, they found the most beautiful meadow he had ever seen.', 'Maka rubah kecil pun bertanya arah kepada burung hantu. Bersama-sama, mereka menemukan padang rumput terindah yang pernah ia lihat.');
INSERT OR IGNORE INTO book_pages (id, book_id, page_number, illustration_seed, text_en, text_id) VALUES ('pag_the-little-fox_7', 'bok_the-little-fox', 7, 'fox-7', 'From that day on, the little fox explored the forest with new friends by his side.', 'Sejak hari itu, rubah kecil menjelajahi hutan bersama teman-teman baru di sisinya.');
INSERT OR IGNORE INTO book_pages (id, book_id, page_number, illustration_seed, text_en, text_id) VALUES ('pag_the-little-fox_8', 'bok_the-little-fox', 8, 'fox-8', 'And he learned that the best adventures are the ones we share with others. The end.', 'Dan ia belajar bahwa petualangan terbaik adalah yang dibagikan bersama orang lain. Selesai.');
INSERT OR IGNORE INTO quiz_questions (id, book_id, sort_order, question_en, question_id, options_en_json, options_id_json, correct_index, xp_reward) VALUES ('qz_the-little-fox_1', 'bok_the-little-fox', 1, 'What did the little fox love to do?', 'Apa yang disukai rubah kecil?', '["Sleeping all day","Exploring the forest","Baking cookies","Swimming in the sea"]', '["Tidur seharian","Menjelajahi hutan","Membuat kue","Berenang di laut"]', 1, 10);
INSERT OR IGNORE INTO quiz_questions (id, book_id, sort_order, question_en, question_id, options_en_json, options_id_json, correct_index, xp_reward) VALUES ('qz_the-little-fox_2', 'bok_the-little-fox', 2, 'Who helped the little fox when the path split into three?', 'Siapa yang membantu rubah kecil saat jalan bercabang tiga?', '["A rabbit","A wise old owl","A fisherman","His mother"]', '["Seekor kelinci","Burung hantu tua yang bijak","Seorang nelayan","Ibunya"]', 1, 10);
INSERT OR IGNORE INTO quiz_questions (id, book_id, sort_order, question_en, question_id, options_en_json, options_id_json, correct_index, xp_reward) VALUES ('qz_the-little-fox_3', 'bok_the-little-fox', 3, 'What is the lesson of the story?', 'Apa pelajaran dari cerita ini?', '["Never leave home","Asking for help is also brave","Foxes cannot get lost","Owls are scary"]', '["Jangan pernah keluar rumah","Meminta bantuan juga sebuah keberanian","Rubah tidak bisa tersesat","Burung hantu itu menakutkan"]', 1, 10);

INSERT OR IGNORE INTO books (id, slug, title_en, title_id, description_en, description_id, category_id, author_id, cover_palette, cover_emoji, age_min, age_max, is_premium, status, page_count, read_count, created_at, updated_at) VALUES ('bok_the-brave-lion', 'the-brave-lion', 'The Brave Lion', 'The Brave Lion', 'A young lion who is afraid of the dark discovers that even the bravest hearts can feel scared sometimes.', 'Seekor singa muda yang takut gelap belajar bahwa hati yang paling berani pun boleh merasa takut.', 'cat_fairy-tales', 'aut_axto-creative-team', 'candy', '🦁', 3, 7, 0, 'published', 7, 422, 1783015290065, 1783015290065);
INSERT OR IGNORE INTO book_pages (id, book_id, page_number, illustration_seed, text_en, text_id) VALUES ('pag_the-brave-lion_1', 'bok_the-brave-lion', 1, 'lion-1', 'In the golden savanna lived a young lion named Rico, with the fluffiest mane in the whole pride.', 'Di padang savana keemasan hiduplah seekor singa muda bernama Rico, dengan surai paling lebat di seluruh kawanan.');
INSERT OR IGNORE INTO book_pages (id, book_id, page_number, illustration_seed, text_en, text_id) VALUES ('pag_the-brave-lion_2', 'bok_the-brave-lion', 2, 'lion-2', 'Everyone said lions were the bravest animals of all. But at night, Rico was afraid of the dark.', 'Semua orang berkata singa adalah hewan paling berani. Tapi di malam hari, Rico takut pada gelap.');
INSERT OR IGNORE INTO book_pages (id, book_id, page_number, illustration_seed, text_en, text_id) VALUES ('pag_the-brave-lion_3', 'bok_the-brave-lion', 3, 'lion-3', 'He worried the other animals would laugh if they knew his secret, so he hid his fear every night.', 'Ia khawatir hewan lain akan menertawakannya jika tahu rahasianya, jadi ia menyembunyikan rasa takutnya setiap malam.');
INSERT OR IGNORE INTO book_pages (id, book_id, page_number, illustration_seed, text_en, text_id) VALUES ('pag_the-brave-lion_4', 'bok_the-brave-lion', 4, 'lion-4', 'One evening, his little sister Lulu saw him trembling by the rocks. "What is wrong, big brother?" she asked gently.', 'Suatu malam, adiknya, Lulu, melihatnya gemetar di dekat bebatuan. "Kenapa, Kak?" tanyanya lembut.');
INSERT OR IGNORE INTO book_pages (id, book_id, page_number, illustration_seed, text_en, text_id) VALUES ('pag_the-brave-lion_5', 'bok_the-brave-lion', 5, 'lion-5', 'Rico took a deep breath and told her the truth. Lulu smiled and said, "Even lions can be scared. That is okay."', 'Rico menarik napas dalam dan menceritakan yang sebenarnya. Lulu tersenyum, "Singa pun boleh takut. Itu tidak apa-apa."');
INSERT OR IGNORE INTO book_pages (id, book_id, page_number, illustration_seed, text_en, text_id) VALUES ('pag_the-brave-lion_6', 'bok_the-brave-lion', 6, 'lion-6', 'From then on, Lulu stayed close to him at night, and together they watched the stars until Rico felt brave again.', 'Sejak itu, Lulu selalu menemaninya di malam hari, dan bersama-sama mereka memandangi bintang hingga Rico merasa berani lagi.');
INSERT OR IGNORE INTO book_pages (id, book_id, page_number, illustration_seed, text_en, text_id) VALUES ('pag_the-brave-lion_7', 'bok_the-brave-lion', 7, 'lion-7', 'Rico learned that real bravery is not about never being afraid — it is about sharing your feelings with someone who loves you.', 'Rico belajar bahwa keberanian sejati bukan berarti tidak pernah takut — melainkan berani berbagi perasaan dengan orang yang menyayangimu.');
INSERT OR IGNORE INTO quiz_questions (id, book_id, sort_order, question_en, question_id, options_en_json, options_id_json, correct_index, xp_reward) VALUES ('qz_the-brave-lion_1', 'bok_the-brave-lion', 1, 'What was Rico afraid of?', 'Apa yang ditakuti Rico?', '["Water","The dark","Loud noises","Other lions"]', '["Air","Gelap","Suara keras","Singa lain"]', 1, 10);
INSERT OR IGNORE INTO quiz_questions (id, book_id, sort_order, question_en, question_id, options_en_json, options_id_json, correct_index, xp_reward) VALUES ('qz_the-brave-lion_2', 'bok_the-brave-lion', 2, 'Who helped Rico feel better?', 'Siapa yang membantu Rico merasa lebih baik?', '["His father","A zebra","His little sister Lulu","A hunter"]', '["Ayahnya","Seekor zebra","Adiknya, Lulu","Seorang pemburu"]', 2, 10);
INSERT OR IGNORE INTO quiz_questions (id, book_id, sort_order, question_en, question_id, options_en_json, options_id_json, correct_index, xp_reward) VALUES ('qz_the-brave-lion_3', 'bok_the-brave-lion', 3, 'What does the story teach about bravery?', 'Apa yang diajarkan cerita ini tentang keberanian?', '["Brave means never being scared","It is okay to share your fears with someone who loves you","Only lions can be brave","You should hide your feelings"]', '["Berani berarti tidak pernah takut","Boleh berbagi rasa takut dengan orang yang menyayangimu","Hanya singa yang bisa berani","Kamu harus menyembunyikan perasaanmu"]', 1, 10);

INSERT OR IGNORE INTO books (id, slug, title_en, title_id, description_en, description_id, category_id, author_id, cover_palette, cover_emoji, age_min, age_max, is_premium, status, page_count, read_count, created_at, updated_at) VALUES ('bok_under-the-sea', 'under-the-sea', 'Under the Sea', 'Under the Sea', 'A little clownfish explores the coral reef and learns why every creature in the ocean matters.', 'Seekor ikan badut kecil menjelajahi terumbu karang dan belajar mengapa setiap makhluk laut itu penting.', 'cat_animals', 'aut_emily-clark', 'ocean', '🐠', 3, 8, 0, 'published', 7, 2397, 1783015290065, 1783015290065);
INSERT OR IGNORE INTO book_pages (id, book_id, page_number, illustration_seed, text_en, text_id) VALUES ('pag_under-the-sea_1', 'bok_under-the-sea', 1, 'sea-1', 'Deep in the turquoise sea, a little clownfish named Coral lived in a soft anemone home.', 'Jauh di laut biru toska, seekor ikan badut kecil bernama Coral tinggal di rumah anemon yang lembut.');
INSERT OR IGNORE INTO book_pages (id, book_id, page_number, illustration_seed, text_en, text_id) VALUES ('pag_under-the-sea_2', 'bok_under-the-sea', 2, 'sea-2', 'Coral loved to swim around the reef, waving hello to crabs, starfish, and gentle sea turtles.', 'Coral suka berenang mengelilingi terumbu karang, menyapa kepiting, bintang laut, dan penyu laut yang ramah.');
INSERT OR IGNORE INTO book_pages (id, book_id, page_number, illustration_seed, text_en, text_id) VALUES ('pag_under-the-sea_3', 'bok_under-the-sea', 3, 'sea-3', 'One day, Coral noticed the coral reef looked pale and tired. "Why do you look sad?" she asked.', 'Suatu hari, Coral melihat terumbu karang tampak pucat dan lesu. "Kenapa kau terlihat sedih?" tanyanya.');
INSERT OR IGNORE INTO book_pages (id, book_id, page_number, illustration_seed, text_en, text_id) VALUES ('pag_under-the-sea_4', 'bok_under-the-sea', 4, 'sea-4', 'A wise sea turtle explained, "The reef needs clean water and all of us working together to stay healthy."', '"Terumbu karang butuh air bersih dan kita semua yang saling menjaga agar tetap sehat," jelas penyu laut yang bijak.');
INSERT OR IGNORE INTO book_pages (id, book_id, page_number, illustration_seed, text_en, text_id) VALUES ('pag_under-the-sea_5', 'bok_under-the-sea', 5, 'sea-5', 'So Coral gathered her friends — crabs, shrimp, and small fish — to help clean up plastic that had drifted in.', 'Maka Coral mengajak teman-temannya — kepiting, udang, dan ikan-ikan kecil — untuk membersihkan sampah plastik yang hanyut.');
INSERT OR IGNORE INTO book_pages (id, book_id, page_number, illustration_seed, text_en, text_id) VALUES ('pag_under-the-sea_6', 'bok_under-the-sea', 6, 'sea-6', 'Slowly, the reef began to sparkle with color again, and all the sea creatures cheered together.', 'Perlahan, terumbu karang mulai bersinar penuh warna kembali, dan semua makhluk laut bersorak bersama.');
INSERT OR IGNORE INTO book_pages (id, book_id, page_number, illustration_seed, text_en, text_id) VALUES ('pag_under-the-sea_7', 'bok_under-the-sea', 7, 'sea-7', 'Coral learned that even a small fish can help take care of a big, beautiful ocean.', 'Coral belajar bahwa ikan kecil pun bisa membantu menjaga lautan yang luas dan indah.');
INSERT OR IGNORE INTO quiz_questions (id, book_id, sort_order, question_en, question_id, options_en_json, options_id_json, correct_index, xp_reward) VALUES ('qz_under-the-sea_1', 'bok_under-the-sea', 1, 'What kind of fish is Coral?', 'Ikan jenis apakah Coral?', '["A shark","A clownfish","A jellyfish","A dolphin"]', '["Hiu","Ikan badut","Ubur-ubur","Lumba-lumba"]', 1, 10);
INSERT OR IGNORE INTO quiz_questions (id, book_id, sort_order, question_en, question_id, options_en_json, options_id_json, correct_index, xp_reward) VALUES ('qz_under-the-sea_2', 'bok_under-the-sea', 2, 'What did the reef need to stay healthy?', 'Apa yang dibutuhkan terumbu karang agar tetap sehat?', '["More sand","Clean water and teamwork","Loud music","More plastic"]', '["Lebih banyak pasir","Air bersih dan kerja sama","Musik keras","Lebih banyak plastik"]', 1, 10);
INSERT OR IGNORE INTO quiz_questions (id, book_id, sort_order, question_en, question_id, options_en_json, options_id_json, correct_index, xp_reward) VALUES ('qz_under-the-sea_3', 'bok_under-the-sea', 3, 'What is the moral of the story?', 'Apa pesan moral dari cerita ini?', '["Only big animals matter","Even small creatures can help protect the ocean","Fish should stay alone","Plastic is good for the sea"]', '["Hanya hewan besar yang penting","Makhluk kecil pun bisa membantu menjaga laut","Ikan sebaiknya sendirian","Plastik baik untuk laut"]', 1, 10);

INSERT OR IGNORE INTO books (id, slug, title_en, title_id, description_en, description_id, category_id, author_id, cover_palette, cover_emoji, age_min, age_max, is_premium, status, page_count, read_count, created_at, updated_at) VALUES ('bok_dinosaur-world', 'dinosaur-world', 'Dinosaur World', 'Dinosaur World', 'A gentle young dinosaur discovers that being different from the other dinosaurs is what makes him special.', 'Seekor dinosaurus muda yang lembut menyadari bahwa perbedaannya justru membuatnya istimewa.', 'cat_dinosaur', 'aut_axto-creative-team', 'forest', '🦕', 4, 9, 1, 'published', 7, 2228, 1783015290065, 1783015290065);
INSERT OR IGNORE INTO book_pages (id, book_id, page_number, illustration_seed, text_en, text_id) VALUES ('pag_dinosaur-world_1', 'bok_dinosaur-world', 1, 'dino-1', 'Long, long ago, in a valley full of ferns, a little long-necked dinosaur named Dot hatched from her egg.', 'Dahulu kali, di sebuah lembah penuh pakis, seekor dinosaurus leher panjang kecil bernama Dot menetas dari telurnya.');
INSERT OR IGNORE INTO book_pages (id, book_id, page_number, illustration_seed, text_en, text_id) VALUES ('pag_dinosaur-world_2', 'bok_dinosaur-world', 2, 'dino-2', 'All the other dinosaurs in the valley were loud and fast. But Dot liked to move slowly and look at little things.', 'Semua dinosaurus lain di lembah itu berisik dan cepat. Tapi Dot suka bergerak pelan dan memperhatikan hal-hal kecil.');
INSERT OR IGNORE INTO book_pages (id, book_id, page_number, illustration_seed, text_en, text_id) VALUES ('pag_dinosaur-world_3', 'bok_dinosaur-world', 3, 'dino-3', 'She noticed tiny flowers between the rocks, and patterns in the clouds that no one else seemed to see.', 'Ia memperhatikan bunga-bunga kecil di antara bebatuan, dan bentuk-bentuk awan yang tak disadari yang lain.');
INSERT OR IGNORE INTO book_pages (id, book_id, page_number, illustration_seed, text_en, text_id) VALUES ('pag_dinosaur-world_4', 'bok_dinosaur-world', 4, 'dino-4', 'One day, a big storm confused the herd — they could not find the safe cave they always used.', 'Suatu hari, badai besar membuat kawanan itu bingung — mereka tidak bisa menemukan gua aman yang biasa mereka pakai.');
INSERT OR IGNORE INTO book_pages (id, book_id, page_number, illustration_seed, text_en, text_id) VALUES ('pag_dinosaur-world_5', 'bok_dinosaur-world', 5, 'dino-5', 'But Dot, who always noticed small details, remembered a hidden path marked by a patch of blue flowers.', 'Tapi Dot, yang selalu memperhatikan detail kecil, mengingat jalan tersembunyi yang ditandai bunga biru.');
INSERT OR IGNORE INTO book_pages (id, book_id, page_number, illustration_seed, text_en, text_id) VALUES ('pag_dinosaur-world_6', 'bok_dinosaur-world', 6, 'dino-6', 'She led the whole herd safely to the cave. Everyone cheered for careful, curious little Dot!', 'Ia memimpin seluruh kawanan dengan selamat ke gua itu. Semua bersorak untuk Dot yang teliti dan penasaran!');
INSERT OR IGNORE INTO book_pages (id, book_id, page_number, illustration_seed, text_en, text_id) VALUES ('pag_dinosaur-world_7', 'bok_dinosaur-world', 7, 'dino-7', 'From that day, Dot understood that being different was not a weakness — it was her very own kind of strength.', 'Sejak hari itu, Dot mengerti bahwa menjadi berbeda bukanlah kelemahan — itu adalah kekuatannya sendiri.');
INSERT OR IGNORE INTO quiz_questions (id, book_id, sort_order, question_en, question_id, options_en_json, options_id_json, correct_index, xp_reward) VALUES ('qz_dinosaur-world_1', 'bok_dinosaur-world', 1, 'What did Dot like to do differently from the other dinosaurs?', 'Apa yang Dot suka lakukan berbeda dari dinosaurus lain?', '["Run very fast","Move slowly and notice small things","Roar loudly","Sleep all day"]', '["Berlari sangat cepat","Bergerak pelan dan memperhatikan hal kecil","Meraung keras","Tidur seharian"]', 1, 10);
INSERT OR IGNORE INTO quiz_questions (id, book_id, sort_order, question_en, question_id, options_en_json, options_id_json, correct_index, xp_reward) VALUES ('qz_dinosaur-world_2', 'bok_dinosaur-world', 2, 'How did Dot help the herd during the storm?', 'Bagaimana Dot membantu kawanan saat badai?', '["She hid alone","She remembered a hidden path with blue flowers","She called for help loudly","She ran away"]', '["Ia bersembunyi sendirian","Ia mengingat jalan tersembunyi dengan bunga biru","Ia berteriak minta tolong","Ia melarikan diri"]', 1, 10);
INSERT OR IGNORE INTO quiz_questions (id, book_id, sort_order, question_en, question_id, options_en_json, options_id_json, correct_index, xp_reward) VALUES ('qz_dinosaur-world_3', 'bok_dinosaur-world', 3, 'What is the lesson of the story?', 'Apa pelajaran dari cerita ini?', '["Being different can be a strength","Everyone must be the same","Storms are not dangerous","Only fast dinosaurs are useful"]', '["Menjadi berbeda bisa menjadi kekuatan","Semua orang harus sama","Badai tidak berbahaya","Hanya dinosaurus cepat yang berguna"]', 0, 10);

INSERT OR IGNORE INTO books (id, slug, title_en, title_id, description_en, description_id, category_id, author_id, cover_palette, cover_emoji, age_min, age_max, is_premium, status, page_count, read_count, created_at, updated_at) VALUES ('bok_a-journey-to-space', 'a-journey-to-space', 'A Journey to Space', 'A Journey to Space', 'A young astronaut travels past the moon and stars, discovering how small — and how connected — our world truly is.', 'Seorang astronaut cilik terbang melewati bulan dan bintang, dan menyadari betapa kecil serta saling terhubungnya dunia kita.', 'cat_space', 'aut_axto-creative-team', 'cosmic', '🚀', 5, 10, 1, 'published', 7, 5002, 1783015290065, 1783015290065);
INSERT OR IGNORE INTO book_pages (id, book_id, page_number, illustration_seed, text_en, text_id) VALUES ('pag_a-journey-to-space_1', 'bok_a-journey-to-space', 1, 'space-1', 'Maya always dreamed of the stars. One quiet night, a tiny silver rocket landed softly in her backyard.', 'Maya selalu memimpikan bintang-bintang. Suatu malam yang tenang, sebuah roket perak kecil mendarat lembut di halaman belakangnya.');
INSERT OR IGNORE INTO book_pages (id, book_id, page_number, illustration_seed, text_en, text_id) VALUES ('pag_a-journey-to-space_2', 'bok_a-journey-to-space', 2, 'space-2', 'A friendly robot named Orbit opened the hatch. "Would you like to see the universe?" it asked.', 'Sebuah robot ramah bernama Orbit membuka pintunya. "Mau melihat alam semesta?" tanyanya.');
INSERT OR IGNORE INTO book_pages (id, book_id, page_number, illustration_seed, text_en, text_id) VALUES ('pag_a-journey-to-space_3', 'bok_a-journey-to-space', 3, 'space-3', 'They zoomed past the Moon, where Maya bounced in the low gravity and giggled with delight.', 'Mereka melesat melewati Bulan, tempat Maya melompat-lompat dalam gravitasi rendah sambil tertawa senang.');
INSERT OR IGNORE INTO book_pages (id, book_id, page_number, illustration_seed, text_en, text_id) VALUES ('pag_a-journey-to-space_4', 'bok_a-journey-to-space', 4, 'space-4', 'Next, they flew by Saturn, its icy rings sparkling like a giant necklace made of diamonds.', 'Selanjutnya, mereka terbang melewati Saturnus, cincin esnya berkilau seperti kalung raksasa dari berlian.');
INSERT OR IGNORE INTO book_pages (id, book_id, page_number, illustration_seed, text_en, text_id) VALUES ('pag_a-journey-to-space_5', 'bok_a-journey-to-space', 5, 'space-5', 'Looking back, Maya saw planet Earth — a tiny blue marble glowing gently in the dark.', 'Menoleh ke belakang, Maya melihat planet Bumi — kelereng biru kecil yang bersinar lembut di kegelapan.');
INSERT OR IGNORE INTO book_pages (id, book_id, page_number, illustration_seed, text_en, text_id) VALUES ('pag_a-journey-to-space_6', 'bok_a-journey-to-space', 6, 'space-6', '"It looks so small," Maya whispered. "That is our whole home," said Orbit. "Everyone we love is right there."', '"Kecil sekali," bisik Maya. "Itulah rumah kita semua," kata Orbit. "Semua orang yang kita sayangi ada di sana."');
INSERT OR IGNORE INTO book_pages (id, book_id, page_number, illustration_seed, text_en, text_id) VALUES ('pag_a-journey-to-space_7', 'bok_a-journey-to-space', 7, 'space-7', 'Maya returned home with a new feeling in her heart — Earth was small in the universe, but full of everything she loved.', 'Maya pulang dengan perasaan baru di hatinya — Bumi memang kecil di alam semesta, tapi penuh dengan segala yang ia cintai.');
INSERT OR IGNORE INTO quiz_questions (id, book_id, sort_order, question_en, question_id, options_en_json, options_id_json, correct_index, xp_reward) VALUES ('qz_a-journey-to-space_1', 'bok_a-journey-to-space', 1, 'Who was Maya''s robot friend?', 'Siapa nama robot teman Maya?', '["Orbit","Rocket","Star","Luna"]', '["Orbit","Rocket","Star","Luna"]', 0, 10);
INSERT OR IGNORE INTO quiz_questions (id, book_id, sort_order, question_en, question_id, options_en_json, options_id_json, correct_index, xp_reward) VALUES ('qz_a-journey-to-space_2', 'bok_a-journey-to-space', 2, 'What did Maya see that looked like a necklace of diamonds?', 'Apa yang dilihat Maya yang tampak seperti kalung berlian?', '["The Moon''s dust","Saturn''s rings","The Sun","A comet"]', '["Debu Bulan","Cincin Saturnus","Matahari","Komet"]', 1, 10);
INSERT OR IGNORE INTO quiz_questions (id, book_id, sort_order, question_en, question_id, options_en_json, options_id_json, correct_index, xp_reward) VALUES ('qz_a-journey-to-space_3', 'bok_a-journey-to-space', 3, 'What did Maya learn about Earth?', 'Apa yang dipelajari Maya tentang Bumi?', '["It is the biggest planet","It is small but full of everyone she loves","It has rings like Saturn","It is not important"]', '["Bumi adalah planet terbesar","Bumi kecil tapi penuh orang yang ia sayangi","Bumi memiliki cincin seperti Saturnus","Bumi tidak penting"]', 1, 10);

INSERT OR IGNORE INTO books (id, slug, title_en, title_id, description_en, description_id, category_id, author_id, cover_palette, cover_emoji, age_min, age_max, is_premium, status, page_count, read_count, created_at, updated_at) VALUES ('bok_robot-and-me', 'robot-and-me', 'Robot and Me', 'Robot and Me', 'A shy inventor builds a small robot friend and learns how curiosity and kindness go hand in hand.', 'Seorang anak pemalu membuat teman robot kecil dan belajar bahwa rasa ingin tahu dan kebaikan hati berjalan beriringan.', 'cat_science', 'aut_david-lee', 'meadow', '🤖', 5, 10, 1, 'published', 7, 2208, 1783015290065, 1783015290065);
INSERT OR IGNORE INTO book_pages (id, book_id, page_number, illustration_seed, text_en, text_id) VALUES ('pag_robot-and-me_1', 'bok_robot-and-me', 1, 'robot-1', 'Ken loved building things out of old boxes, gears, and batteries in his garage workshop.', 'Ken suka membuat berbagai hal dari kardus bekas, roda gigi, dan baterai di bengkel garasinya.');
INSERT OR IGNORE INTO book_pages (id, book_id, page_number, illustration_seed, text_en, text_id) VALUES ('pag_robot-and-me_2', 'bok_robot-and-me', 2, 'robot-2', 'One rainy afternoon, he finally finished his biggest project yet: a small robot he named Bolt.', 'Suatu sore yang hujan, ia akhirnya menyelesaikan proyek terbesarnya: robot kecil yang ia beri nama Bolt.');
INSERT OR IGNORE INTO book_pages (id, book_id, page_number, illustration_seed, text_en, text_id) VALUES ('pag_robot-and-me_3', 'bok_robot-and-me', 3, 'robot-3', 'Bolt could not talk, but it beeped happily and rolled after Ken wherever he went.', 'Bolt tidak bisa berbicara, tapi ia berbunyi "beep" gembira dan mengikuti Ken ke mana pun ia pergi.');
INSERT OR IGNORE INTO book_pages (id, book_id, page_number, illustration_seed, text_en, text_id) VALUES ('pag_robot-and-me_4', 'bok_robot-and-me', 4, 'robot-4', 'At school, Ken was too shy to share his invention. He worried the other kids might laugh.', 'Di sekolah, Ken terlalu malu untuk menunjukkan ciptaannya. Ia khawatir teman-teman akan menertawakannya.');
INSERT OR IGNORE INTO book_pages (id, book_id, page_number, illustration_seed, text_en, text_id) VALUES ('pag_robot-and-me_5', 'bok_robot-and-me', 5, 'robot-5', 'But Bolt rolled out of his backpack by accident — and beeped so cheerfully that the whole class laughed with joy, not mockery.', 'Namun Bolt tidak sengaja menggelinding keluar dari tasnya — dan berbunyi begitu ceria hingga seisi kelas tertawa senang, bukan mengejek.');
INSERT OR IGNORE INTO book_pages (id, book_id, page_number, illustration_seed, text_en, text_id) VALUES ('pag_robot-and-me_6', 'bok_robot-and-me', 6, 'robot-6', 'Soon, every classmate wanted to help Ken build more robot friends, using boxes and gears of their own.', 'Segera, semua teman sekelas ingin membantu Ken membuat lebih banyak teman robot, menggunakan kardus dan roda gigi mereka sendiri.');
INSERT OR IGNORE INTO book_pages (id, book_id, page_number, illustration_seed, text_en, text_id) VALUES ('pag_robot-and-me_7', 'bok_robot-and-me', 7, 'robot-7', 'Ken learned that sharing what you love can turn a quiet idea into something everyone enjoys together.', 'Ken belajar bahwa berbagi apa yang kita sukai bisa mengubah ide yang sunyi menjadi sesuatu yang dinikmati bersama.');
INSERT OR IGNORE INTO quiz_questions (id, book_id, sort_order, question_en, question_id, options_en_json, options_id_json, correct_index, xp_reward) VALUES ('qz_robot-and-me_1', 'bok_robot-and-me', 1, 'What did Ken name his robot?', 'Siapa nama yang Ken berikan untuk robotnya?', '["Bolt","Spark","Gizmo","Circuit"]', '["Bolt","Spark","Gizmo","Circuit"]', 0, 10);
INSERT OR IGNORE INTO quiz_questions (id, book_id, sort_order, question_en, question_id, options_en_json, options_id_json, correct_index, xp_reward) VALUES ('qz_robot-and-me_2', 'bok_robot-and-me', 2, 'Why was Ken afraid to share his invention at school?', 'Kenapa Ken takut menunjukkan ciptaannya di sekolah?', '["He forgot it at home","He worried classmates would laugh","It was broken","He did not like robots"]', '["Ia lupa membawanya","Ia khawatir teman-teman menertawakannya","Robotnya rusak","Ia tidak suka robot"]', 1, 10);
INSERT OR IGNORE INTO quiz_questions (id, book_id, sort_order, question_en, question_id, options_en_json, options_id_json, correct_index, xp_reward) VALUES ('qz_robot-and-me_3', 'bok_robot-and-me', 3, 'What happened when the class saw Bolt?', 'Apa yang terjadi saat kelas melihat Bolt?', '["They ignored it","They laughed with joy and wanted to help build more","The teacher took it away","Everyone got scared"]', '["Mereka mengabaikannya","Mereka tertawa senang dan ingin membantu membuat lebih banyak","Guru mengambilnya","Semua orang ketakutan"]', 1, 10);

INSERT OR IGNORE INTO books (id, slug, title_en, title_id, description_en, description_id, category_id, author_id, cover_palette, cover_emoji, age_min, age_max, is_premium, status, page_count, read_count, created_at, updated_at) VALUES ('bok_goodnight-little-owl', 'goodnight-little-owl', 'Goodnight, Little Owl', 'Selamat Malam, Burung Hantu Kecil', 'A tiny owl who is afraid of the daylight learns that everyone has their own perfect time to shine.', 'Burung hantu kecil yang takut cahaya siang belajar bahwa setiap makhluk punya waktunya sendiri untuk bersinar.', 'cat_bedtime', 'aut_siti-aminah', 'night', '🦉', 2, 6, 0, 'published', 7, 1756, 1783015290065, 1783015290065);
INSERT OR IGNORE INTO book_pages (id, book_id, page_number, illustration_seed, text_en, text_id) VALUES ('pag_goodnight-little-owl_1', 'bok_goodnight-little-owl', 1, 'owl-1', 'High in an old oak tree lived a tiny owl named Pip, who loved the cool, quiet night.', 'Tinggi di pohon ek tua, hiduplah burung hantu kecil bernama Pip, yang menyukai malam yang sejuk dan tenang.');
INSERT OR IGNORE INTO book_pages (id, book_id, page_number, illustration_seed, text_en, text_id) VALUES ('pag_goodnight-little-owl_2', 'bok_goodnight-little-owl', 2, 'owl-2', 'While other animals slept, Pip opened her big round eyes and watched the moon rise softly.', 'Saat hewan lain tertidur, Pip membuka mata bulatnya yang besar dan menyaksikan bulan terbit perlahan.');
INSERT OR IGNORE INTO book_pages (id, book_id, page_number, illustration_seed, text_en, text_id) VALUES ('pag_goodnight-little-owl_3', 'bok_goodnight-little-owl', 3, 'owl-3', 'She gently glided from branch to branch, humming a soft tune only the stars could hear.', 'Ia terbang lembut dari dahan ke dahan, bersenandung pelan yang hanya bisa didengar oleh bintang-bintang.');
INSERT OR IGNORE INTO book_pages (id, book_id, page_number, illustration_seed, text_en, text_id) VALUES ('pag_goodnight-little-owl_4', 'bok_goodnight-little-owl', 4, 'owl-4', 'Down below, a little firefly blinked her light. "Aren''t you scared of the dark?" she asked.', 'Di bawah sana, seekor kunang-kunang kecil berkedip. "Kamu tidak takut gelap?" tanyanya.');
INSERT OR IGNORE INTO book_pages (id, book_id, page_number, illustration_seed, text_en, text_id) VALUES ('pag_goodnight-little-owl_5', 'bok_goodnight-little-owl', 5, 'owl-5', '"The dark is my favorite blanket," said Pip with a smile. "It is soft, quiet, and full of stars."', '"Gelap adalah selimut favoritku," kata Pip sambil tersenyum. "Lembut, tenang, dan penuh bintang."');
INSERT OR IGNORE INTO book_pages (id, book_id, page_number, illustration_seed, text_en, text_id) VALUES ('pag_goodnight-little-owl_6', 'bok_goodnight-little-owl', 6, 'owl-6', 'The firefly smiled back and lit up beside her, and together they made the night feel warm and cozy.', 'Kunang-kunang itu tersenyum balik dan bersinar di sampingnya, dan bersama-sama mereka membuat malam terasa hangat.');
INSERT OR IGNORE INTO book_pages (id, book_id, page_number, illustration_seed, text_en, text_id) VALUES ('pag_goodnight-little-owl_7', 'bok_goodnight-little-owl', 7, 'owl-7', 'As the forest grew sleepy and still, Pip whispered goodnight to the moon — and so do you. Sweet dreams.', 'Saat hutan mulai lelap dan tenang, Pip berbisik selamat malam pada bulan — begitu juga kamu. Mimpi indah.');
INSERT OR IGNORE INTO quiz_questions (id, book_id, sort_order, question_en, question_id, options_en_json, options_id_json, correct_index, xp_reward) VALUES ('qz_goodnight-little-owl_1', 'bok_goodnight-little-owl', 1, 'What is Pip''s name?', 'Siapa nama burung hantu kecil itu?', '["Pip","Hoot","Luna","Star"]', '["Pip","Hoot","Luna","Star"]', 0, 10);
INSERT OR IGNORE INTO quiz_questions (id, book_id, sort_order, question_en, question_id, options_en_json, options_id_json, correct_index, xp_reward) VALUES ('qz_goodnight-little-owl_2', 'bok_goodnight-little-owl', 2, 'What did Pip call the dark?', 'Apa julukan Pip untuk kegelapan?', '["Her favorite blanket","Something scary","A monster","Cold and lonely"]', '["Selimut favoritnya","Sesuatu yang menakutkan","Monster","Dingin dan sepi"]', 0, 10);
INSERT OR IGNORE INTO quiz_questions (id, book_id, sort_order, question_en, question_id, options_en_json, options_id_json, correct_index, xp_reward) VALUES ('qz_goodnight-little-owl_3', 'bok_goodnight-little-owl', 3, 'Who became friends with Pip?', 'Siapa yang berteman dengan Pip?', '["A firefly","A wolf","A cat","A bear"]', '["Kunang-kunang","Serigala","Kucing","Beruang"]', 0, 10);

INSERT OR IGNORE INTO books (id, slug, title_en, title_id, description_en, description_id, category_id, author_id, cover_palette, cover_emoji, age_min, age_max, is_premium, status, page_count, read_count, created_at, updated_at) VALUES ('bok_the-letter-parade', 'the-letter-parade', 'The Letter Parade', 'Parade Huruf', 'The letters of the alphabet come to life for a parade, helping a little girl fall in love with reading.', 'Huruf-huruf abjad hidup dan berbaris dalam parade, membuat seorang gadis kecil jatuh cinta pada membaca.', 'cat_learning', 'aut_axto-creative-team', 'dusk', '🔤', 3, 6, 0, 'published', 6, 3480, 1783015290065, 1783015290065);
INSERT OR IGNORE INTO book_pages (id, book_id, page_number, illustration_seed, text_en, text_id) VALUES ('pag_the-letter-parade_1', 'bok_the-letter-parade', 1, 'letter-1', 'Every night before bed, little Nadia said, "I don''t like letters. They look like squiggly lines."', 'Setiap malam sebelum tidur, Nadia kecil berkata, "Aku tidak suka huruf. Bentuknya seperti garis-garis aneh."');
INSERT OR IGNORE INTO book_pages (id, book_id, page_number, illustration_seed, text_en, text_id) VALUES ('pag_the-letter-parade_2', 'bok_the-letter-parade', 2, 'letter-2', 'One night, a shining letter A hopped off her book. "Would you like to meet my friends?" it asked cheerfully.', 'Suatu malam, huruf A yang berkilau melompat keluar dari bukunya. "Mau berkenalan dengan teman-temanku?" tanyanya riang.');
INSERT OR IGNORE INTO book_pages (id, book_id, page_number, illustration_seed, text_en, text_id) VALUES ('pag_the-letter-parade_3', 'bok_the-letter-parade', 3, 'letter-3', 'Suddenly, B bounced in like a ball, C curled up like a smiling moon, and D marched like a little drum.', 'Tiba-tiba, B memantul seperti bola, C melengkung seperti bulan yang tersenyum, dan D berbaris seperti drum kecil.');
INSERT OR IGNORE INTO book_pages (id, book_id, page_number, illustration_seed, text_en, text_id) VALUES ('pag_the-letter-parade_4', 'bok_the-letter-parade', 4, 'letter-4', 'The letters lined up into a parade, and when they marched together, they spelled Nadia''s name!', 'Huruf-huruf itu berbaris membentuk parade, dan ketika berjalan bersama, mereka mengeja nama Nadia!');
INSERT OR IGNORE INTO book_pages (id, book_id, page_number, illustration_seed, text_en, text_id) VALUES ('pag_the-letter-parade_5', 'bok_the-letter-parade', 5, 'letter-5', '"Every letter is a puzzle piece," said A. "Put enough pieces together, and you can tell any story in the world."', '"Setiap huruf adalah kepingan puzzle," kata A. "Kumpulkan cukup banyak kepingan, dan kamu bisa menceritakan kisah apa pun di dunia."');
INSERT OR IGNORE INTO book_pages (id, book_id, page_number, illustration_seed, text_en, text_id) VALUES ('pag_the-letter-parade_6', 'bok_the-letter-parade', 6, 'letter-6', 'From that night on, Nadia looked at every book with new excitement, ready to meet the letters inside.', 'Sejak malam itu, Nadia memandang setiap buku dengan semangat baru, siap bertemu huruf-huruf di dalamnya.');
INSERT OR IGNORE INTO quiz_questions (id, book_id, sort_order, question_en, question_id, options_en_json, options_id_json, correct_index, xp_reward) VALUES ('qz_the-letter-parade_1', 'bok_the-letter-parade', 1, 'What did Nadia think of letters at first?', 'Apa pendapat Nadia tentang huruf pada awalnya?', '["She loved them","She thought they were squiggly lines","She thought they were tasty","She ignored them"]', '["Ia menyukainya","Ia pikir bentuknya aneh","Ia pikir rasanya enak","Ia mengabaikannya"]', 1, 10);
INSERT OR IGNORE INTO quiz_questions (id, book_id, sort_order, question_en, question_id, options_en_json, options_id_json, correct_index, xp_reward) VALUES ('qz_the-letter-parade_2', 'bok_the-letter-parade', 2, 'What did the letters spell when they marched together?', 'Apa yang dieja huruf-huruf saat berbaris bersama?', '["Nadia''s name","A number","A song","Nothing"]', '["Nama Nadia","Sebuah angka","Sebuah lagu","Tidak ada apa-apa"]', 0, 10);
INSERT OR IGNORE INTO quiz_questions (id, book_id, sort_order, question_en, question_id, options_en_json, options_id_json, correct_index, xp_reward) VALUES ('qz_the-letter-parade_3', 'bok_the-letter-parade', 3, 'What did letter A compare letters to?', 'Huruf A membandingkan huruf dengan apa?', '["Puzzle pieces","Rocks","Clouds","Shoes"]', '["Kepingan puzzle","Batu","Awan","Sepatu"]', 0, 10);

INSERT OR IGNORE INTO books (id, slug, title_en, title_id, description_en, description_id, category_id, author_id, cover_palette, cover_emoji, age_min, age_max, is_premium, status, page_count, read_count, created_at, updated_at) VALUES ('bok_the-honest-woodcutter', 'the-honest-woodcutter', 'The Honest Woodcutter', 'Tukang Kayu yang Jujur', 'A retelling of a timeless folk tale about a poor woodcutter whose honesty is rewarded beyond measure.', 'Kisah rakyat abadi tentang tukang kayu miskin yang kejujurannya diganjar dengan berlipat ganda.', 'cat_moral-stories', 'aut_axto-creative-team', 'meadow', '🪓', 4, 9, 0, 'published', 7, 4401, 1783015290065, 1783015290065);
INSERT OR IGNORE INTO book_pages (id, book_id, page_number, illustration_seed, text_en, text_id) VALUES ('pag_the-honest-woodcutter_1', 'bok_the-honest-woodcutter', 1, 'wood-1', 'Near a quiet village lived a poor woodcutter named Tomo, who worked hard every single day to feed his family.', 'Dekat sebuah desa yang tenang, hiduplah tukang kayu miskin bernama Tomo, yang bekerja keras setiap hari demi keluarganya.');
INSERT OR IGNORE INTO book_pages (id, book_id, page_number, illustration_seed, text_en, text_id) VALUES ('pag_the-honest-woodcutter_2', 'bok_the-honest-woodcutter', 2, 'wood-2', 'One afternoon, while cutting wood by the river, his old iron axe slipped from his hands and sank into the water.', 'Suatu siang, saat menebang kayu di tepi sungai, kapak besinya yang tua terlepas dari tangannya dan tenggelam ke dalam air.');
INSERT OR IGNORE INTO book_pages (id, book_id, page_number, illustration_seed, text_en, text_id) VALUES ('pag_the-honest-woodcutter_3', 'bok_the-honest-woodcutter', 3, 'wood-3', 'Tomo sat down and cried, for that old axe was his only tool to earn a living. Suddenly, the river sparkled with light.', 'Tomo duduk dan menangis, sebab kapak tua itu adalah satu-satunya alat untuk mencari nafkah. Tiba-tiba, sungai itu berkilau cahaya.');
INSERT OR IGNORE INTO book_pages (id, book_id, page_number, illustration_seed, text_en, text_id) VALUES ('pag_the-honest-woodcutter_4', 'bok_the-honest-woodcutter', 4, 'wood-4', 'A kind spirit of the river rose up, holding a golden axe. "Is this your axe?" she asked gently.', 'Seorang roh sungai yang baik hati muncul, membawa kapak emas. "Apakah ini kapakmu?" tanyanya lembut.');
INSERT OR IGNORE INTO book_pages (id, book_id, page_number, illustration_seed, text_en, text_id) VALUES ('pag_the-honest-woodcutter_5', 'bok_the-honest-woodcutter', 5, 'wood-5', '"No," said Tomo honestly, "mine was old and made of iron, not gold." The spirit smiled and dove again, returning with a silver axe — but Tomo said the same.', '"Bukan," jawab Tomo jujur, "milikku sudah tua dan terbuat dari besi, bukan emas." Roh itu tersenyum dan menyelam lagi, kembali membawa kapak perak — namun Tomo tetap berkata jujur bahwa itu bukan miliknya.');
INSERT OR IGNORE INTO book_pages (id, book_id, page_number, illustration_seed, text_en, text_id) VALUES ('pag_the-honest-woodcutter_6', 'bok_the-honest-woodcutter', 6, 'wood-6', 'Finally, she returned his old iron axe. "Because you told the truth," she said, "please accept all three axes as a gift."', 'Akhirnya, ia mengembalikan kapak besi milik Tomo. "Karena kau berkata jujur," katanya, "terimalah ketiga kapak ini sebagai hadiah."');
INSERT OR IGNORE INTO book_pages (id, book_id, page_number, illustration_seed, text_en, text_id) VALUES ('pag_the-honest-woodcutter_7', 'bok_the-honest-woodcutter', 7, 'wood-7', 'Tomo thanked her with a full heart, and from that day, his honesty was known throughout the whole village.', 'Tomo berterima kasih dengan hati yang penuh, dan sejak hari itu, kejujurannya dikenal di seluruh desa.');
INSERT OR IGNORE INTO quiz_questions (id, book_id, sort_order, question_en, question_id, options_en_json, options_id_json, correct_index, xp_reward) VALUES ('qz_the-honest-woodcutter_1', 'bok_the-honest-woodcutter', 1, 'What happened to Tomo''s axe?', 'Apa yang terjadi pada kapak Tomo?', '["It broke","It fell into the river","It was stolen","It turned to gold"]', '["Patah","Jatuh ke sungai","Dicuri","Berubah jadi emas"]', 1, 10);
INSERT OR IGNORE INTO quiz_questions (id, book_id, sort_order, question_en, question_id, options_en_json, options_id_json, correct_index, xp_reward) VALUES ('qz_the-honest-woodcutter_2', 'bok_the-honest-woodcutter', 2, 'What did Tomo say when shown the golden axe?', 'Apa jawaban Tomo saat ditunjukkan kapak emas?', '["\"Yes, that is mine!\"","\"No, mine was iron\"","He said nothing","He took it anyway"]', '["\"Ya, itu milikku!\"","\"Bukan, milikku dari besi\"","Ia diam saja","Ia tetap mengambilnya"]', 1, 10);
INSERT OR IGNORE INTO quiz_questions (id, book_id, sort_order, question_en, question_id, options_en_json, options_id_json, correct_index, xp_reward) VALUES ('qz_the-honest-woodcutter_3', 'bok_the-honest-woodcutter', 3, 'Why did the river spirit reward Tomo?', 'Mengapa roh sungai memberi hadiah kepada Tomo?', '["Because he was rich","Because he was honest","Because he was fast","Because he asked for gold"]', '["Karena ia kaya","Karena ia jujur","Karena ia cepat","Karena ia meminta emas"]', 1, 10);

INSERT OR IGNORE INTO books (id, slug, title_en, title_id, description_en, description_id, category_id, author_id, cover_palette, cover_emoji, age_min, age_max, is_premium, status, page_count, read_count, created_at, updated_at) VALUES ('bok_the-magic-forest', 'the-magic-forest', 'The Magic Forest', 'Hutan Ajaib', 'Two siblings discover a hidden forest where every tree grants a wish — as long as it is a kind one.', 'Dua bersaudara menemukan hutan tersembunyi tempat setiap pohon mengabulkan permintaan — asal permintaan itu baik.', 'cat_fairy-tales', 'aut_sarah-johnson', 'forest', '🌳', 3, 8, 0, 'published', 7, 1736, 1783015290065, 1783015290065);
INSERT OR IGNORE INTO book_pages (id, book_id, page_number, illustration_seed, text_en, text_id) VALUES ('pag_the-magic-forest_1', 'bok_the-magic-forest', 1, 'forest-1', 'Siblings Aya and Budi were chasing a butterfly when they stumbled into a part of the forest they had never seen.', 'Kakak beradik Aya dan Budi sedang mengejar kupu-kupu ketika tiba-tiba mereka tersesat ke bagian hutan yang belum pernah mereka lihat.');
INSERT OR IGNORE INTO book_pages (id, book_id, page_number, illustration_seed, text_en, text_id) VALUES ('pag_the-magic-forest_2', 'bok_the-magic-forest', 2, 'forest-2', 'The leaves shimmered like silver, and the air smelled like warm honey and rain.', 'Daun-daunnya berkilau seperti perak, dan udaranya beraroma madu hangat dan hujan.');
INSERT OR IGNORE INTO book_pages (id, book_id, page_number, illustration_seed, text_en, text_id) VALUES ('pag_the-magic-forest_3', 'bok_the-magic-forest', 3, 'forest-3', 'An old tree with kind, glowing eyes spoke softly: "This is the Wishing Forest. Every tree here can grant one kind wish."', 'Sebatang pohon tua bermata lembut dan bercahaya berkata pelan, "Ini Hutan Permintaan. Setiap pohon di sini bisa mengabulkan satu permintaan baik."');
INSERT OR IGNORE INTO book_pages (id, book_id, page_number, illustration_seed, text_en, text_id) VALUES ('pag_the-magic-forest_4', 'bok_the-magic-forest', 4, 'forest-4', 'Budi wished for a mountain of candy, but the tree only rustled and stayed silent — that wish was not kind, only for himself.', 'Budi meminta gunung permen, tapi pohon itu hanya bergemerisik dan diam — permintaan itu tidak baik, hanya untuk dirinya sendiri.');
INSERT OR IGNORE INTO book_pages (id, book_id, page_number, illustration_seed, text_en, text_id) VALUES ('pag_the-magic-forest_5', 'bok_the-magic-forest', 5, 'forest-5', 'Then Aya wished for the nearby stream to always have clean water for every animal in the forest.', 'Lalu Aya berharap agar sungai di dekat sana selalu memiliki air bersih untuk semua hewan di hutan.');
INSERT OR IGNORE INTO book_pages (id, book_id, page_number, illustration_seed, text_en, text_id) VALUES ('pag_the-magic-forest_6', 'bok_the-magic-forest', 6, 'forest-6', 'The tree glowed brightly, and the stream sparkled clean and clear. "A wish for others always grows the strongest," it said.', 'Pohon itu bersinar terang, dan sungai berkilau bersih dan jernih. "Permintaan untuk orang lain selalu tumbuh paling kuat," katanya.');
INSERT OR IGNORE INTO book_pages (id, book_id, page_number, illustration_seed, text_en, text_id) VALUES ('pag_the-magic-forest_7', 'bok_the-magic-forest', 7, 'forest-7', 'Budi learned from his sister, and the next year, he returned to wish for shelter for the forest''s smallest animals.', 'Budi belajar dari kakaknya, dan tahun berikutnya, ia kembali untuk berharap ada tempat berlindung bagi hewan-hewan terkecil di hutan.');
INSERT OR IGNORE INTO quiz_questions (id, book_id, sort_order, question_en, question_id, options_en_json, options_id_json, correct_index, xp_reward) VALUES ('qz_the-magic-forest_1', 'bok_the-magic-forest', 1, 'What did the trees in the Wishing Forest grant?', 'Apa yang dikabulkan pohon-pohon di Hutan Permintaan?', '["Any wish at all","Only kind wishes","Only wishes for candy","No wishes"]', '["Semua jenis permintaan","Hanya permintaan baik","Hanya permintaan permen","Tidak ada permintaan"]', 1, 10);
INSERT OR IGNORE INTO quiz_questions (id, book_id, sort_order, question_en, question_id, options_en_json, options_id_json, correct_index, xp_reward) VALUES ('qz_the-magic-forest_2', 'bok_the-magic-forest', 2, 'Why didn''t Budi''s first wish come true?', 'Mengapa permintaan pertama Budi tidak dikabulkan?', '["It was too big","It was only for himself","The tree was asleep","He asked incorrectly"]', '["Terlalu besar","Hanya untuk dirinya sendiri","Pohonnya sedang tidur","Ia salah bertanya"]', 1, 10);
INSERT OR IGNORE INTO quiz_questions (id, book_id, sort_order, question_en, question_id, options_en_json, options_id_json, correct_index, xp_reward) VALUES ('qz_the-magic-forest_3', 'bok_the-magic-forest', 3, 'What did Aya wish for?', 'Apa yang diminta Aya?', '["A mountain of candy","Clean water for the animals","A new toy","To go home"]', '["Gunung permen","Air bersih untuk hewan-hewan","Mainan baru","Pulang ke rumah"]', 1, 10);

INSERT OR IGNORE INTO books (id, slug, title_en, title_id, description_en, description_id, category_id, author_id, cover_palette, cover_emoji, age_min, age_max, is_premium, status, page_count, read_count, created_at, updated_at) VALUES ('bok_princess-aira-and-the-lost-kite', 'princess-aira-and-the-lost-kite', 'Princess Aira and the Lost Kite', 'Putri Aira dan Layang-Layang yang Hilang', 'A young princess sets aside her crown to chase her kite across the kingdom, making unlikely friends along the way.', 'Seorang putri kecil melepas mahkotanya untuk mengejar layang-layangnya, dan menemukan sahabat-sahabat baru yang tak terduga.', 'cat_fairy-tales', 'aut_siti-aminah', 'dusk', '👑', 4, 8, 1, 'published', 7, 1917, 1783015290065, 1783015290065);
INSERT OR IGNORE INTO book_pages (id, book_id, page_number, illustration_seed, text_en, text_id) VALUES ('pag_princess-aira-and-the-lost-kite_1', 'bok_princess-aira-and-the-lost-kite', 1, 'aira-1', 'In a kingdom by the hills, Princess Aira loved flying her red kite more than wearing her golden crown.', 'Di sebuah kerajaan di antara bukit-bukit, Putri Aira lebih suka menerbangkan layang-layang merahnya daripada memakai mahkota emas.');
INSERT OR IGNORE INTO book_pages (id, book_id, page_number, illustration_seed, text_en, text_id) VALUES ('pag_princess-aira-and-the-lost-kite_2', 'bok_princess-aira-and-the-lost-kite', 2, 'aira-2', 'One windy afternoon, a strong gust snatched her kite away, carrying it over the castle walls.', 'Suatu sore yang berangin, hembusan kencang merenggut layang-layangnya, membawanya melewati tembok istana.');
INSERT OR IGNORE INTO book_pages (id, book_id, page_number, illustration_seed, text_en, text_id) VALUES ('pag_princess-aira-and-the-lost-kite_3', 'bok_princess-aira-and-the-lost-kite', 3, 'aira-3', 'Without a second thought, Aira took off her crown, put on her walking boots, and ran after it.', 'Tanpa berpikir dua kali, Aira melepas mahkotanya, memakai sepatu botnya, dan berlari mengejarnya.');
INSERT OR IGNORE INTO book_pages (id, book_id, page_number, illustration_seed, text_en, text_id) VALUES ('pag_princess-aira-and-the-lost-kite_4', 'bok_princess-aira-and-the-lost-kite', 4, 'aira-4', 'She met a baker boy who showed her a shortcut through the market, and a farmer girl who pointed toward the hills.', 'Ia bertemu seorang anak tukang roti yang menunjukkan jalan pintas melalui pasar, dan seorang anak petani yang menunjuk ke arah bukit.');
INSERT OR IGNORE INTO book_pages (id, book_id, page_number, illustration_seed, text_en, text_id) VALUES ('pag_princess-aira-and-the-lost-kite_5', 'bok_princess-aira-and-the-lost-kite', 5, 'aira-5', 'At last, she found her kite gently caught in a tall apple tree, with new friends cheering beside her.', 'Akhirnya, ia menemukan layang-layangnya tersangkut lembut di pohon apel yang tinggi, dengan teman-teman baru bersorak di sampingnya.');
INSERT OR IGNORE INTO book_pages (id, book_id, page_number, illustration_seed, text_en, text_id) VALUES ('pag_princess-aira-and-the-lost-kite_6', 'bok_princess-aira-and-the-lost-kite', 6, 'aira-6', 'Together they climbed and freed the kite, laughing as it soared back into the golden evening sky.', 'Bersama-sama mereka memanjat dan melepaskan layang-layang itu, tertawa saat ia kembali terbang ke langit senja keemasan.');
INSERT OR IGNORE INTO book_pages (id, book_id, page_number, illustration_seed, text_en, text_id) VALUES ('pag_princess-aira-and-the-lost-kite_7', 'bok_princess-aira-and-the-lost-kite', 7, 'aira-7', 'Aira returned to the castle without her crown, but with something far more precious — new friends from every corner of the kingdom.', 'Aira kembali ke istana tanpa mahkotanya, tetapi membawa sesuatu yang jauh lebih berharga — sahabat baru dari setiap penjuru kerajaan.');
INSERT OR IGNORE INTO quiz_questions (id, book_id, sort_order, question_en, question_id, options_en_json, options_id_json, correct_index, xp_reward) VALUES ('qz_princess-aira-and-the-lost-kite_1', 'bok_princess-aira-and-the-lost-kite', 1, 'What did Princess Aira love more than her crown?', 'Apa yang lebih disukai Putri Aira daripada mahkotanya?', '["Flying her kite","Eating cake","Reading books","Playing music"]', '["Menerbangkan layang-layang","Makan kue","Membaca buku","Bermain musik"]', 0, 10);
INSERT OR IGNORE INTO quiz_questions (id, book_id, sort_order, question_en, question_id, options_en_json, options_id_json, correct_index, xp_reward) VALUES ('qz_princess-aira-and-the-lost-kite_2', 'bok_princess-aira-and-the-lost-kite', 2, 'Who helped Aira find her way?', 'Siapa yang membantu Aira menemukan jalan?', '["A baker boy and a farmer girl","The king","A dragon","No one"]', '["Anak tukang roti dan anak petani","Sang raja","Seekor naga","Tidak ada yang membantu"]', 0, 10);
INSERT OR IGNORE INTO quiz_questions (id, book_id, sort_order, question_en, question_id, options_en_json, options_id_json, correct_index, xp_reward) VALUES ('qz_princess-aira-and-the-lost-kite_3', 'bok_princess-aira-and-the-lost-kite', 3, 'What did Aira gain by the end of the story?', 'Apa yang didapat Aira di akhir cerita?', '["A new crown","New friends","A new kite","Gold coins"]', '["Mahkota baru","Sahabat baru","Layang-layang baru","Koin emas"]', 1, 10);

INSERT OR IGNORE INTO users (id, name, email, password_hash, role, locale, avatar_seed, plan, created_at, updated_at) VALUES ('usr_admin_seed', 'Admin AXTO', 'admin@axto.us', 'pbkdf2$120000$R2HuNDxrWn3dVyND7fRYvQ==$HPw5em2rKRPvVLYzsjW5KDYYNnc/CsEcKuQqD5+2Zsw=', 'admin', 'id', 'admin-seed', 'lifetime', 1783015290065, 1783015290065);
INSERT OR IGNORE INTO promo_codes (id, code, discount_percent, max_uses, used_count, active, created_at) VALUES ('promo_welcome10', 'WELCOME10', 10, 1000, 0, 1, 1783015290065);
