-- Auto-generated by scripts/generate-seed.ts — do not edit by hand.
-- Re-run `npm run generate:seed` after changing src/content/*.

INSERT OR IGNORE INTO categories (id, slug, icon, name_en, name_id, sort_order) VALUES ('cat_bedtime', 'bedtime', '🌙', 'Bedtime', 'Dongeng Tidur', 1);
INSERT OR IGNORE INTO categories (id, slug, icon, name_en, name_id, sort_order) VALUES ('cat_fairy-tales', 'fairy-tales', '🏰', 'Fairy Tales', 'Dongeng', 2);
INSERT OR IGNORE INTO categories (id, slug, icon, name_en, name_id, sort_order) VALUES ('cat_adventure', 'adventure', '🧭', 'Adventure', 'Petualangan', 3);
INSERT OR IGNORE INTO categories (id, slug, icon, name_en, name_id, sort_order) VALUES ('cat_animals', 'animals', '🐾', 'Animals', 'Hewan', 4);
INSERT OR IGNORE INTO categories (id, slug, icon, name_en, name_id, sort_order) VALUES ('cat_dinosaur', 'dinosaur', '🦕', 'Dinosaur', 'Dinosaurus', 5);
INSERT OR IGNORE INTO categories (id, slug, icon, name_en, name_id, sort_order) VALUES ('cat_space', 'space', '🚀', 'Space', 'Antariksa', 6);
INSERT OR IGNORE INTO categories (id, slug, icon, name_en, name_id, sort_order) VALUES ('cat_science', 'science', '🔬', 'Science', 'Sains', 7);
INSERT OR IGNORE INTO categories (id, slug, icon, name_en, name_id, sort_order) VALUES ('cat_learning', 'learning', '📚', 'Learning', 'Belajar', 8);
INSERT OR IGNORE INTO categories (id, slug, icon, name_en, name_id, sort_order) VALUES ('cat_moral-stories', 'moral-stories', '❤️', 'Moral Stories', 'Cerita Moral', 9);
INSERT OR IGNORE INTO categories (id, slug, icon, name_en, name_id, sort_order) VALUES ('cat_alphabet', 'alphabet', '🔤', 'Alphabet & Letters', 'Abjad & Huruf', 10);
INSERT OR IGNORE INTO categories (id, slug, icon, name_en, name_id, sort_order) VALUES ('cat_numbers', 'numbers', '🔢', 'Numbers & Counting', 'Angka & Berhitung', 11);
INSERT OR IGNORE INTO categories (id, slug, icon, name_en, name_id, sort_order) VALUES ('cat_friendship', 'friendship', '🤝', 'Friendship', 'Persahabatan', 12);
INSERT OR IGNORE INTO categories (id, slug, icon, name_en, name_id, sort_order) VALUES ('cat_family', 'family', '👨‍👩‍👧‍👦', 'Family', 'Keluarga', 13);
INSERT OR IGNORE INTO categories (id, slug, icon, name_en, name_id, sort_order) VALUES ('cat_emotions', 'emotions', '😊', 'Feelings & Emotions', 'Perasaan & Emosi', 14);
INSERT OR IGNORE INTO categories (id, slug, icon, name_en, name_id, sort_order) VALUES ('cat_fantasy', 'fantasy', '🪄', 'Fantasy & Magic', 'Fantasi & Sihir', 15);
INSERT OR IGNORE INTO categories (id, slug, icon, name_en, name_id, sort_order) VALUES ('cat_superheroes', 'superheroes', '🦸', 'Superheroes', 'Pahlawan Super', 16);
INSERT OR IGNORE INTO categories (id, slug, icon, name_en, name_id, sort_order) VALUES ('cat_mystery', 'mystery', '🔍', 'Mystery & Detective', 'Misteri & Detektif', 17);
INSERT OR IGNORE INTO categories (id, slug, icon, name_en, name_id, sort_order) VALUES ('cat_pirates', 'pirates', '🏴‍☠️', 'Pirates & Treasure', 'Bajak Laut & Harta Karun', 18);
INSERT OR IGNORE INTO categories (id, slug, icon, name_en, name_id, sort_order) VALUES ('cat_princess-knights', 'princess-knights', '👑', 'Princesses & Knights', 'Putri & Ksatria', 19);
INSERT OR IGNORE INTO categories (id, slug, icon, name_en, name_id, sort_order) VALUES ('cat_ocean-life', 'ocean-life', '🐠', 'Ocean & Sea Life', 'Laut & Kehidupan Bawah Laut', 20);
INSERT OR IGNORE INTO categories (id, slug, icon, name_en, name_id, sort_order) VALUES ('cat_jungle-safari', 'jungle-safari', '🦁', 'Jungle & Safari', 'Hutan & Safari', 21);
INSERT OR IGNORE INTO categories (id, slug, icon, name_en, name_id, sort_order) VALUES ('cat_farm', 'farm', '🐄', 'Farm Life', 'Kehidupan di Peternakan', 22);
INSERT OR IGNORE INTO categories (id, slug, icon, name_en, name_id, sort_order) VALUES ('cat_pets', 'pets', '🐶', 'Pets', 'Hewan Peliharaan', 23);
INSERT OR IGNORE INTO categories (id, slug, icon, name_en, name_id, sort_order) VALUES ('cat_vehicles', 'vehicles', '🚗', 'Vehicles & Transportation', 'Kendaraan & Transportasi', 24);
INSERT OR IGNORE INTO categories (id, slug, icon, name_en, name_id, sort_order) VALUES ('cat_robots-tech', 'robots-tech', '🤖', 'Robots & Technology', 'Robot & Teknologi', 25);
INSERT OR IGNORE INTO categories (id, slug, icon, name_en, name_id, sort_order) VALUES ('cat_nature-environment', 'nature-environment', '🌳', 'Nature & Environment', 'Alam & Lingkungan', 26);
INSERT OR IGNORE INTO categories (id, slug, icon, name_en, name_id, sort_order) VALUES ('cat_weather-seasons', 'weather-seasons', '🌦️', 'Weather & Seasons', 'Cuaca & Musim', 27);
INSERT OR IGNORE INTO categories (id, slug, icon, name_en, name_id, sort_order) VALUES ('cat_community-helpers', 'community-helpers', '👩‍🚒', 'Community Helpers', 'Profesi & Pahlawan Sehari-hari', 28);
INSERT OR IGNORE INTO categories (id, slug, icon, name_en, name_id, sort_order) VALUES ('cat_sports', 'sports', '⚽', 'Sports & Games', 'Olahraga & Permainan', 29);
INSERT OR IGNORE INTO categories (id, slug, icon, name_en, name_id, sort_order) VALUES ('cat_music-rhymes', 'music-rhymes', '🎵', 'Music & Rhymes', 'Musik & Pantun', 30);
INSERT OR IGNORE INTO categories (id, slug, icon, name_en, name_id, sort_order) VALUES ('cat_holidays-culture', 'holidays-culture', '🎉', 'Holidays & Celebrations', 'Hari Raya & Perayaan', 31);
INSERT OR IGNORE INTO categories (id, slug, icon, name_en, name_id, sort_order) VALUES ('cat_world-cultures', 'world-cultures', '🌍', 'World Cultures & Folktales', 'Budaya Dunia & Cerita Rakyat', 32);
INSERT OR IGNORE INTO categories (id, slug, icon, name_en, name_id, sort_order) VALUES ('cat_health-body', 'health-body', '🩺', 'Health & My Body', 'Kesehatan & Tubuhku', 33);
INSERT OR IGNORE INTO categories (id, slug, icon, name_en, name_id, sort_order) VALUES ('cat_manners', 'manners', '🙏', 'Manners & Good Habits', 'Sopan Santun & Kebiasaan Baik', 34);
INSERT OR IGNORE INTO categories (id, slug, icon, name_en, name_id, sort_order) VALUES ('cat_humor', 'humor', '😂', 'Silly & Funny Stories', 'Cerita Lucu & Konyol', 35);
INSERT OR IGNORE INTO categories (id, slug, icon, name_en, name_id, sort_order) VALUES ('cat_true-stories', 'true-stories', '🌟', 'Inspiring True Stories', 'Kisah Nyata Inspiratif', 36);

INSERT OR IGNORE INTO authors (id, name, bio, avatar_seed, is_staff, created_at, updated_at) VALUES ('aut_axto-creative-team', 'AXTO Creative Team', 'In-house storytellers at AXTO.', 'axto-team', 1, 1784514532774, 1784514532774);
INSERT OR IGNORE INTO authors (id, name, bio, avatar_seed, is_staff, created_at, updated_at) VALUES ('aut_sarah-johnson', 'Sarah Johnson', 'Children’s author and illustrator.', 'sarah-johnson', 1, 1784514532774, 1784514532774);
INSERT OR IGNORE INTO authors (id, name, bio, avatar_seed, is_staff, created_at, updated_at) VALUES ('aut_david-lee', 'David Lee', 'Writes gentle sci-fi tales for curious kids.', 'david-lee', 1, 1784514532774, 1784514532774);
INSERT OR IGNORE INTO authors (id, name, bio, avatar_seed, is_staff, created_at, updated_at) VALUES ('aut_emily-clark', 'Emily Clark', 'Marine biologist turned storyteller.', 'emily-clark', 1, 1784514532774, 1784514532774);
INSERT OR IGNORE INTO authors (id, name, bio, avatar_seed, is_staff, created_at, updated_at) VALUES ('aut_siti-aminah', 'Siti Aminah', 'Penulis dongeng untuk anak-anak Indonesia.', 'siti-aminah', 1, 1784514532774, 1784514532774);

INSERT OR IGNORE INTO books (id, slug, title_en, title_id, description_en, description_id, category_id, author_id, cover_palette, cover_emoji, age_min, age_max, is_premium, status, page_count, read_count, created_at, updated_at) VALUES ('bok_the-little-fox', 'the-little-fox', 'The Little Fox', 'The Little Fox', 'A curious little fox sets off into the forest and discovers that being brave means asking for help too.', 'Seekor rubah kecil yang penasaran menjelajahi hutan dan belajar bahwa berani juga berarti berani meminta bantuan.', 'cat_adventure', 'aut_axto-creative-team', 'sunrise', '🦊', 3, 7, 0, 'published', 8, 2742, 1784514532774, 1784514532774);
INSERT OR IGNORE INTO book_pages (id, book_id, page_number, illustration_seed, text_en, text_id) VALUES ('pag_the-little-fox_1', 'bok_the-little-fox', 1, 'fox-1', 'Once upon a time, in a beautiful forest, there lived a little fox. He was curious, brave, and loved adventures.', 'Pada suatu waktu, di sebuah hutan yang indah, hiduplah seekor rubah kecil. Ia penasaran, berani, dan suka berpetualang.');
INSERT OR IGNORE INTO book_pages (id, book_id, page_number, illustration_seed, text_en, text_id) VALUES ('pag_the-little-fox_2', 'bok_the-little-fox', 2, 'fox-2', 'Every morning, the little fox woke up early to explore a new corner of the forest.', 'Setiap pagi, rubah kecil itu bangun lebih awal untuk menjelajahi sudut hutan yang baru.');
INSERT OR IGNORE INTO book_pages (id, book_id, page_number, illustration_seed, text_en, text_id) VALUES ('pag_the-little-fox_3', 'bok_the-little-fox', 3, 'fox-3', 'One day, he found a path he had never seen before. It wound deep into the tall, whispering trees.', 'Suatu hari, ia menemukan jalan setapak yang belum pernah dilihatnya. Jalan itu berkelok masuk ke rimbunnya pepohonan.');
INSERT OR IGNORE INTO book_pages (id, book_id, page_number, illustration_seed, text_en, text_id) VALUES ('pag_the-little-fox_4', 'bok_the-little-fox', 4, 'fox-4', 'He walked and walked, until suddenly the path split into three directions. The little fox did not know which way to go.', 'Ia berjalan terus, sampai tiba-tiba jalan itu bercabang menjadi tiga arah. Rubah kecil tidak tahu harus memilih arah mana.');
INSERT OR IGNORE INTO book_pages (id, book_id, page_number, illustration_seed, text_en, text_id) VALUES ('pag_the-little-fox_5', 'bok_the-little-fox', 5, 'fox-5', 'A wise old owl saw him standing there. "Being brave doesn''t mean you have to know everything," she said. "It''s also brave to ask for help."', 'Seekor burung hantu tua yang bijak melihatnya berdiri kebingungan. "Berani bukan berarti harus tahu segalanya," katanya. "Meminta bantuan juga adalah keberanian."');
INSERT OR IGNORE INTO book_pages (id, book_id, page_number, illustration_seed, text_en, text_id) VALUES ('pag_the-little-fox_6', 'bok_the-little-fox', 6, 'fox-6', 'So the little fox asked the owl for directions. Together, they found the most beautiful meadow he had ever seen.', 'Maka rubah kecil pun bertanya arah kepada burung hantu. Bersama-sama, mereka menemukan padang rumput terindah yang pernah ia lihat.');
INSERT OR IGNORE INTO book_pages (id, book_id, page_number, illustration_seed, text_en, text_id) VALUES ('pag_the-little-fox_7', 'bok_the-little-fox', 7, 'fox-7', 'From that day on, the little fox explored the forest with new friends by his side.', 'Sejak hari itu, rubah kecil menjelajahi hutan bersama teman-teman baru di sisinya.');
INSERT OR IGNORE INTO book_pages (id, book_id, page_number, illustration_seed, text_en, text_id) VALUES ('pag_the-little-fox_8', 'bok_the-little-fox', 8, 'fox-8', 'And he learned that the best adventures are the ones we share with others. The end.', 'Dan ia belajar bahwa petualangan terbaik adalah yang dibagikan bersama orang lain. Selesai.');
INSERT OR IGNORE INTO quiz_questions (id, book_id, sort_order, question_en, question_id, options_en_json, options_id_json, correct_index, xp_reward) VALUES ('qz_the-little-fox_1', 'bok_the-little-fox', 1, 'What did the little fox love to do?', 'Apa yang disukai rubah kecil?', '["Sleeping all day","Exploring the forest","Baking cookies","Swimming in the sea"]', '["Tidur seharian","Menjelajahi hutan","Membuat kue","Berenang di laut"]', 1, 10);
INSERT OR IGNORE INTO quiz_questions (id, book_id, sort_order, question_en, question_id, options_en_json, options_id_json, correct_index, xp_reward) VALUES ('qz_the-little-fox_2', 'bok_the-little-fox', 2, 'Who helped the little fox when the path split into three?', 'Siapa yang membantu rubah kecil saat jalan bercabang tiga?', '["A rabbit","A wise old owl","A fisherman","His mother"]', '["Seekor kelinci","Burung hantu tua yang bijak","Seorang nelayan","Ibunya"]', 1, 10);
INSERT OR IGNORE INTO quiz_questions (id, book_id, sort_order, question_en, question_id, options_en_json, options_id_json, correct_index, xp_reward) VALUES ('qz_the-little-fox_3', 'bok_the-little-fox', 3, 'What is the lesson of the story?', 'Apa pelajaran dari cerita ini?', '["Never leave home","Asking for help is also brave","Foxes cannot get lost","Owls are scary"]', '["Jangan pernah keluar rumah","Meminta bantuan juga sebuah keberanian","Rubah tidak bisa tersesat","Burung hantu itu menakutkan"]', 1, 10);

INSERT OR IGNORE INTO books (id, slug, title_en, title_id, description_en, description_id, category_id, author_id, cover_palette, cover_emoji, age_min, age_max, is_premium, status, page_count, read_count, created_at, updated_at) VALUES ('bok_the-brave-lion', 'the-brave-lion', 'The Brave Lion', 'The Brave Lion', 'A young lion who is afraid of the dark discovers that even the bravest hearts can feel scared sometimes.', 'Seekor singa muda yang takut gelap belajar bahwa hati yang paling berani pun boleh merasa takut.', 'cat_fairy-tales', 'aut_axto-creative-team', 'candy', '🦁', 3, 7, 0, 'published', 7, 1927, 1784514532774, 1784514532774);
INSERT OR IGNORE INTO book_pages (id, book_id, page_number, illustration_seed, text_en, text_id) VALUES ('pag_the-brave-lion_1', 'bok_the-brave-lion', 1, 'lion-1', 'In the golden savanna lived a young lion named Rico, with the fluffiest mane in the whole pride.', 'Di padang savana keemasan hiduplah seekor singa muda bernama Rico, dengan surai paling lebat di seluruh kawanan.');
INSERT OR IGNORE INTO book_pages (id, book_id, page_number, illustration_seed, text_en, text_id) VALUES ('pag_the-brave-lion_2', 'bok_the-brave-lion', 2, 'lion-2', 'Everyone said lions were the bravest animals of all. But at night, Rico was afraid of the dark.', 'Semua orang berkata singa adalah hewan paling berani. Tapi di malam hari, Rico takut pada gelap.');
INSERT OR IGNORE INTO book_pages (id, book_id, page_number, illustration_seed, text_en, text_id) VALUES ('pag_the-brave-lion_3', 'bok_the-brave-lion', 3, 'lion-3', 'He worried the other animals would laugh if they knew his secret, so he hid his fear every night.', 'Ia khawatir hewan lain akan menertawakannya jika tahu rahasianya, jadi ia menyembunyikan rasa takutnya setiap malam.');
INSERT OR IGNORE INTO book_pages (id, book_id, page_number, illustration_seed, text_en, text_id) VALUES ('pag_the-brave-lion_4', 'bok_the-brave-lion', 4, 'lion-4', 'One evening, his little sister Lulu saw him trembling by the rocks. "What is wrong, big brother?" she asked gently.', 'Suatu malam, adiknya, Lulu, melihatnya gemetar di dekat bebatuan. "Kenapa, Kak?" tanyanya lembut.');
INSERT OR IGNORE INTO book_pages (id, book_id, page_number, illustration_seed, text_en, text_id) VALUES ('pag_the-brave-lion_5', 'bok_the-brave-lion', 5, 'lion-5', 'Rico took a deep breath and told her the truth. Lulu smiled and said, "Even lions can be scared. That is okay."', 'Rico menarik napas dalam dan menceritakan yang sebenarnya. Lulu tersenyum, "Singa pun boleh takut. Itu tidak apa-apa."');
INSERT OR IGNORE INTO book_pages (id, book_id, page_number, illustration_seed, text_en, text_id) VALUES ('pag_the-brave-lion_6', 'bok_the-brave-lion', 6, 'lion-6', 'From then on, Lulu stayed close to him at night, and together they watched the stars until Rico felt brave again.', 'Sejak itu, Lulu selalu menemaninya di malam hari, dan bersama-sama mereka memandangi bintang hingga Rico merasa berani lagi.');
INSERT OR IGNORE INTO book_pages (id, book_id, page_number, illustration_seed, text_en, text_id) VALUES ('pag_the-brave-lion_7', 'bok_the-brave-lion', 7, 'lion-7', 'Rico learned that real bravery is not about never being afraid — it is about sharing your feelings with someone who loves you.', 'Rico belajar bahwa keberanian sejati bukan berarti tidak pernah takut — melainkan berani berbagi perasaan dengan orang yang menyayangimu.');
INSERT OR IGNORE INTO quiz_questions (id, book_id, sort_order, question_en, question_id, options_en_json, options_id_json, correct_index, xp_reward) VALUES ('qz_the-brave-lion_1', 'bok_the-brave-lion', 1, 'What was Rico afraid of?', 'Apa yang ditakuti Rico?', '["Water","The dark","Loud noises","Other lions"]', '["Air","Gelap","Suara keras","Singa lain"]', 1, 10);
INSERT OR IGNORE INTO quiz_questions (id, book_id, sort_order, question_en, question_id, options_en_json, options_id_json, correct_index, xp_reward) VALUES ('qz_the-brave-lion_2', 'bok_the-brave-lion', 2, 'Who helped Rico feel better?', 'Siapa yang membantu Rico merasa lebih baik?', '["His father","A zebra","His little sister Lulu","A hunter"]', '["Ayahnya","Seekor zebra","Adiknya, Lulu","Seorang pemburu"]', 2, 10);
INSERT OR IGNORE INTO quiz_questions (id, book_id, sort_order, question_en, question_id, options_en_json, options_id_json, correct_index, xp_reward) VALUES ('qz_the-brave-lion_3', 'bok_the-brave-lion', 3, 'What does the story teach about bravery?', 'Apa yang diajarkan cerita ini tentang keberanian?', '["Brave means never being scared","It is okay to share your fears with someone who loves you","Only lions can be brave","You should hide your feelings"]', '["Berani berarti tidak pernah takut","Boleh berbagi rasa takut dengan orang yang menyayangimu","Hanya singa yang bisa berani","Kamu harus menyembunyikan perasaanmu"]', 1, 10);

INSERT OR IGNORE INTO books (id, slug, title_en, title_id, description_en, description_id, category_id, author_id, cover_palette, cover_emoji, age_min, age_max, is_premium, status, page_count, read_count, created_at, updated_at) VALUES ('bok_under-the-sea', 'under-the-sea', 'Under the Sea', 'Under the Sea', 'A little clownfish explores the coral reef and learns why every creature in the ocean matters.', 'Seekor ikan badut kecil menjelajahi terumbu karang dan belajar mengapa setiap makhluk laut itu penting.', 'cat_animals', 'aut_emily-clark', 'ocean', '🐠', 3, 8, 0, 'published', 7, 2985, 1784514532774, 1784514532774);
INSERT OR IGNORE INTO book_pages (id, book_id, page_number, illustration_seed, text_en, text_id) VALUES ('pag_under-the-sea_1', 'bok_under-the-sea', 1, 'sea-1', 'Deep in the turquoise sea, a little clownfish named Coral lived in a soft anemone home.', 'Jauh di laut biru toska, seekor ikan badut kecil bernama Coral tinggal di rumah anemon yang lembut.');
INSERT OR IGNORE INTO book_pages (id, book_id, page_number, illustration_seed, text_en, text_id) VALUES ('pag_under-the-sea_2', 'bok_under-the-sea', 2, 'sea-2', 'Coral loved to swim around the reef, waving hello to crabs, starfish, and gentle sea turtles.', 'Coral suka berenang mengelilingi terumbu karang, menyapa kepiting, bintang laut, dan penyu laut yang ramah.');
INSERT OR IGNORE INTO book_pages (id, book_id, page_number, illustration_seed, text_en, text_id) VALUES ('pag_under-the-sea_3', 'bok_under-the-sea', 3, 'sea-3', 'One day, Coral noticed the coral reef looked pale and tired. "Why do you look sad?" she asked.', 'Suatu hari, Coral melihat terumbu karang tampak pucat dan lesu. "Kenapa kau terlihat sedih?" tanyanya.');
INSERT OR IGNORE INTO book_pages (id, book_id, page_number, illustration_seed, text_en, text_id) VALUES ('pag_under-the-sea_4', 'bok_under-the-sea', 4, 'sea-4', 'A wise sea turtle explained, "The reef needs clean water and all of us working together to stay healthy."', '"Terumbu karang butuh air bersih dan kita semua yang saling menjaga agar tetap sehat," jelas penyu laut yang bijak.');
INSERT OR IGNORE INTO book_pages (id, book_id, page_number, illustration_seed, text_en, text_id) VALUES ('pag_under-the-sea_5', 'bok_under-the-sea', 5, 'sea-5', 'So Coral gathered her friends — crabs, shrimp, and small fish — to help clean up plastic that had drifted in.', 'Maka Coral mengajak teman-temannya — kepiting, udang, dan ikan-ikan kecil — untuk membersihkan sampah plastik yang hanyut.');
INSERT OR IGNORE INTO book_pages (id, book_id, page_number, illustration_seed, text_en, text_id) VALUES ('pag_under-the-sea_6', 'bok_under-the-sea', 6, 'sea-6', 'Slowly, the reef began to sparkle with color again, and all the sea creatures cheered together.', 'Perlahan, terumbu karang mulai bersinar penuh warna kembali, dan semua makhluk laut bersorak bersama.');
INSERT OR IGNORE INTO book_pages (id, book_id, page_number, illustration_seed, text_en, text_id) VALUES ('pag_under-the-sea_7', 'bok_under-the-sea', 7, 'sea-7', 'Coral learned that even a small fish can help take care of a big, beautiful ocean.', 'Coral belajar bahwa ikan kecil pun bisa membantu menjaga lautan yang luas dan indah.');
INSERT OR IGNORE INTO quiz_questions (id, book_id, sort_order, question_en, question_id, options_en_json, options_id_json, correct_index, xp_reward) VALUES ('qz_under-the-sea_1', 'bok_under-the-sea', 1, 'What kind of fish is Coral?', 'Ikan jenis apakah Coral?', '["A shark","A clownfish","A jellyfish","A dolphin"]', '["Hiu","Ikan badut","Ubur-ubur","Lumba-lumba"]', 1, 10);
INSERT OR IGNORE INTO quiz_questions (id, book_id, sort_order, question_en, question_id, options_en_json, options_id_json, correct_index, xp_reward) VALUES ('qz_under-the-sea_2', 'bok_under-the-sea', 2, 'What did the reef need to stay healthy?', 'Apa yang dibutuhkan terumbu karang agar tetap sehat?', '["More sand","Clean water and teamwork","Loud music","More plastic"]', '["Lebih banyak pasir","Air bersih dan kerja sama","Musik keras","Lebih banyak plastik"]', 1, 10);
INSERT OR IGNORE INTO quiz_questions (id, book_id, sort_order, question_en, question_id, options_en_json, options_id_json, correct_index, xp_reward) VALUES ('qz_under-the-sea_3', 'bok_under-the-sea', 3, 'What is the moral of the story?', 'Apa pesan moral dari cerita ini?', '["Only big animals matter","Even small creatures can help protect the ocean","Fish should stay alone","Plastic is good for the sea"]', '["Hanya hewan besar yang penting","Makhluk kecil pun bisa membantu menjaga laut","Ikan sebaiknya sendirian","Plastik baik untuk laut"]', 1, 10);

INSERT OR IGNORE INTO books (id, slug, title_en, title_id, description_en, description_id, category_id, author_id, cover_palette, cover_emoji, age_min, age_max, is_premium, status, page_count, read_count, created_at, updated_at) VALUES ('bok_dinosaur-world', 'dinosaur-world', 'Dinosaur World', 'Dinosaur World', 'A gentle young dinosaur discovers that being different from the other dinosaurs is what makes him special.', 'Seekor dinosaurus muda yang lembut menyadari bahwa perbedaannya justru membuatnya istimewa.', 'cat_dinosaur', 'aut_axto-creative-team', 'forest', '🦕', 4, 9, 0, 'published', 7, 2072, 1784514532774, 1784514532774);
INSERT OR IGNORE INTO book_pages (id, book_id, page_number, illustration_seed, text_en, text_id) VALUES ('pag_dinosaur-world_1', 'bok_dinosaur-world', 1, 'dino-1', 'Long, long ago, in a valley full of ferns, a little long-necked dinosaur named Dot hatched from her egg.', 'Dahulu kali, di sebuah lembah penuh pakis, seekor dinosaurus leher panjang kecil bernama Dot menetas dari telurnya.');
INSERT OR IGNORE INTO book_pages (id, book_id, page_number, illustration_seed, text_en, text_id) VALUES ('pag_dinosaur-world_2', 'bok_dinosaur-world', 2, 'dino-2', 'All the other dinosaurs in the valley were loud and fast. But Dot liked to move slowly and look at little things.', 'Semua dinosaurus lain di lembah itu berisik dan cepat. Tapi Dot suka bergerak pelan dan memperhatikan hal-hal kecil.');
INSERT OR IGNORE INTO book_pages (id, book_id, page_number, illustration_seed, text_en, text_id) VALUES ('pag_dinosaur-world_3', 'bok_dinosaur-world', 3, 'dino-3', 'She noticed tiny flowers between the rocks, and patterns in the clouds that no one else seemed to see.', 'Ia memperhatikan bunga-bunga kecil di antara bebatuan, dan bentuk-bentuk awan yang tak disadari yang lain.');
INSERT OR IGNORE INTO book_pages (id, book_id, page_number, illustration_seed, text_en, text_id) VALUES ('pag_dinosaur-world_4', 'bok_dinosaur-world', 4, 'dino-4', 'One day, a big storm confused the herd — they could not find the safe cave they always used.', 'Suatu hari, badai besar membuat kawanan itu bingung — mereka tidak bisa menemukan gua aman yang biasa mereka pakai.');
INSERT OR IGNORE INTO book_pages (id, book_id, page_number, illustration_seed, text_en, text_id) VALUES ('pag_dinosaur-world_5', 'bok_dinosaur-world', 5, 'dino-5', 'But Dot, who always noticed small details, remembered a hidden path marked by a patch of blue flowers.', 'Tapi Dot, yang selalu memperhatikan detail kecil, mengingat jalan tersembunyi yang ditandai bunga biru.');
INSERT OR IGNORE INTO book_pages (id, book_id, page_number, illustration_seed, text_en, text_id) VALUES ('pag_dinosaur-world_6', 'bok_dinosaur-world', 6, 'dino-6', 'She led the whole herd safely to the cave. Everyone cheered for careful, curious little Dot!', 'Ia memimpin seluruh kawanan dengan selamat ke gua itu. Semua bersorak untuk Dot yang teliti dan penasaran!');
INSERT OR IGNORE INTO book_pages (id, book_id, page_number, illustration_seed, text_en, text_id) VALUES ('pag_dinosaur-world_7', 'bok_dinosaur-world', 7, 'dino-7', 'From that day, Dot understood that being different was not a weakness — it was her very own kind of strength.', 'Sejak hari itu, Dot mengerti bahwa menjadi berbeda bukanlah kelemahan — itu adalah kekuatannya sendiri.');
INSERT OR IGNORE INTO quiz_questions (id, book_id, sort_order, question_en, question_id, options_en_json, options_id_json, correct_index, xp_reward) VALUES ('qz_dinosaur-world_1', 'bok_dinosaur-world', 1, 'What did Dot like to do differently from the other dinosaurs?', 'Apa yang Dot suka lakukan berbeda dari dinosaurus lain?', '["Run very fast","Move slowly and notice small things","Roar loudly","Sleep all day"]', '["Berlari sangat cepat","Bergerak pelan dan memperhatikan hal kecil","Meraung keras","Tidur seharian"]', 1, 10);
INSERT OR IGNORE INTO quiz_questions (id, book_id, sort_order, question_en, question_id, options_en_json, options_id_json, correct_index, xp_reward) VALUES ('qz_dinosaur-world_2', 'bok_dinosaur-world', 2, 'How did Dot help the herd during the storm?', 'Bagaimana Dot membantu kawanan saat badai?', '["She hid alone","She remembered a hidden path with blue flowers","She called for help loudly","She ran away"]', '["Ia bersembunyi sendirian","Ia mengingat jalan tersembunyi dengan bunga biru","Ia berteriak minta tolong","Ia melarikan diri"]', 1, 10);
INSERT OR IGNORE INTO quiz_questions (id, book_id, sort_order, question_en, question_id, options_en_json, options_id_json, correct_index, xp_reward) VALUES ('qz_dinosaur-world_3', 'bok_dinosaur-world', 3, 'What is the lesson of the story?', 'Apa pelajaran dari cerita ini?', '["Being different can be a strength","Everyone must be the same","Storms are not dangerous","Only fast dinosaurs are useful"]', '["Menjadi berbeda bisa menjadi kekuatan","Semua orang harus sama","Badai tidak berbahaya","Hanya dinosaurus cepat yang berguna"]', 0, 10);

INSERT OR IGNORE INTO books (id, slug, title_en, title_id, description_en, description_id, category_id, author_id, cover_palette, cover_emoji, age_min, age_max, is_premium, status, page_count, read_count, created_at, updated_at) VALUES ('bok_a-journey-to-space', 'a-journey-to-space', 'A Journey to Space', 'A Journey to Space', 'A young astronaut travels past the moon and stars, discovering how small — and how connected — our world truly is.', 'Seorang astronaut cilik terbang melewati bulan dan bintang, dan menyadari betapa kecil serta saling terhubungnya dunia kita.', 'cat_space', 'aut_axto-creative-team', 'cosmic', '🚀', 5, 10, 0, 'published', 7, 1480, 1784514532774, 1784514532774);
INSERT OR IGNORE INTO book_pages (id, book_id, page_number, illustration_seed, text_en, text_id) VALUES ('pag_a-journey-to-space_1', 'bok_a-journey-to-space', 1, 'space-1', 'Maya always dreamed of the stars. One quiet night, a tiny silver rocket landed softly in her backyard.', 'Maya selalu memimpikan bintang-bintang. Suatu malam yang tenang, sebuah roket perak kecil mendarat lembut di halaman belakangnya.');
INSERT OR IGNORE INTO book_pages (id, book_id, page_number, illustration_seed, text_en, text_id) VALUES ('pag_a-journey-to-space_2', 'bok_a-journey-to-space', 2, 'space-2', 'A friendly robot named Orbit opened the hatch. "Would you like to see the universe?" it asked.', 'Sebuah robot ramah bernama Orbit membuka pintunya. "Mau melihat alam semesta?" tanyanya.');
INSERT OR IGNORE INTO book_pages (id, book_id, page_number, illustration_seed, text_en, text_id) VALUES ('pag_a-journey-to-space_3', 'bok_a-journey-to-space', 3, 'space-3', 'They zoomed past the Moon, where Maya bounced in the low gravity and giggled with delight.', 'Mereka melesat melewati Bulan, tempat Maya melompat-lompat dalam gravitasi rendah sambil tertawa senang.');
INSERT OR IGNORE INTO book_pages (id, book_id, page_number, illustration_seed, text_en, text_id) VALUES ('pag_a-journey-to-space_4', 'bok_a-journey-to-space', 4, 'space-4', 'Next, they flew by Saturn, its icy rings sparkling like a giant necklace made of diamonds.', 'Selanjutnya, mereka terbang melewati Saturnus, cincin esnya berkilau seperti kalung raksasa dari berlian.');
INSERT OR IGNORE INTO book_pages (id, book_id, page_number, illustration_seed, text_en, text_id) VALUES ('pag_a-journey-to-space_5', 'bok_a-journey-to-space', 5, 'space-5', 'Looking back, Maya saw planet Earth — a tiny blue marble glowing gently in the dark.', 'Menoleh ke belakang, Maya melihat planet Bumi — kelereng biru kecil yang bersinar lembut di kegelapan.');
INSERT OR IGNORE INTO book_pages (id, book_id, page_number, illustration_seed, text_en, text_id) VALUES ('pag_a-journey-to-space_6', 'bok_a-journey-to-space', 6, 'space-6', '"It looks so small," Maya whispered. "That is our whole home," said Orbit. "Everyone we love is right there."', '"Kecil sekali," bisik Maya. "Itulah rumah kita semua," kata Orbit. "Semua orang yang kita sayangi ada di sana."');
INSERT OR IGNORE INTO book_pages (id, book_id, page_number, illustration_seed, text_en, text_id) VALUES ('pag_a-journey-to-space_7', 'bok_a-journey-to-space', 7, 'space-7', 'Maya returned home with a new feeling in her heart — Earth was small in the universe, but full of everything she loved.', 'Maya pulang dengan perasaan baru di hatinya — Bumi memang kecil di alam semesta, tapi penuh dengan segala yang ia cintai.');
INSERT OR IGNORE INTO quiz_questions (id, book_id, sort_order, question_en, question_id, options_en_json, options_id_json, correct_index, xp_reward) VALUES ('qz_a-journey-to-space_1', 'bok_a-journey-to-space', 1, 'Who was Maya''s robot friend?', 'Siapa nama robot teman Maya?', '["Orbit","Rocket","Star","Luna"]', '["Orbit","Rocket","Star","Luna"]', 0, 10);
INSERT OR IGNORE INTO quiz_questions (id, book_id, sort_order, question_en, question_id, options_en_json, options_id_json, correct_index, xp_reward) VALUES ('qz_a-journey-to-space_2', 'bok_a-journey-to-space', 2, 'What did Maya see that looked like a necklace of diamonds?', 'Apa yang dilihat Maya yang tampak seperti kalung berlian?', '["The Moon''s dust","Saturn''s rings","The Sun","A comet"]', '["Debu Bulan","Cincin Saturnus","Matahari","Komet"]', 1, 10);
INSERT OR IGNORE INTO quiz_questions (id, book_id, sort_order, question_en, question_id, options_en_json, options_id_json, correct_index, xp_reward) VALUES ('qz_a-journey-to-space_3', 'bok_a-journey-to-space', 3, 'What did Maya learn about Earth?', 'Apa yang dipelajari Maya tentang Bumi?', '["It is the biggest planet","It is small but full of everyone she loves","It has rings like Saturn","It is not important"]', '["Bumi adalah planet terbesar","Bumi kecil tapi penuh orang yang ia sayangi","Bumi memiliki cincin seperti Saturnus","Bumi tidak penting"]', 1, 10);

INSERT OR IGNORE INTO books (id, slug, title_en, title_id, description_en, description_id, category_id, author_id, cover_palette, cover_emoji, age_min, age_max, is_premium, status, page_count, read_count, created_at, updated_at) VALUES ('bok_robot-and-me', 'robot-and-me', 'Robot and Me', 'Robot and Me', 'A shy inventor builds a small robot friend and learns how curiosity and kindness go hand in hand.', 'Seorang anak pemalu membuat teman robot kecil dan belajar bahwa rasa ingin tahu dan kebaikan hati berjalan beriringan.', 'cat_science', 'aut_david-lee', 'meadow', '🤖', 5, 10, 0, 'published', 7, 4700, 1784514532774, 1784514532774);
INSERT OR IGNORE INTO book_pages (id, book_id, page_number, illustration_seed, text_en, text_id) VALUES ('pag_robot-and-me_1', 'bok_robot-and-me', 1, 'robot-1', 'Ken loved building things out of old boxes, gears, and batteries in his garage workshop.', 'Ken suka membuat berbagai hal dari kardus bekas, roda gigi, dan baterai di bengkel garasinya.');
INSERT OR IGNORE INTO book_pages (id, book_id, page_number, illustration_seed, text_en, text_id) VALUES ('pag_robot-and-me_2', 'bok_robot-and-me', 2, 'robot-2', 'One rainy afternoon, he finally finished his biggest project yet: a small robot he named Bolt.', 'Suatu sore yang hujan, ia akhirnya menyelesaikan proyek terbesarnya: robot kecil yang ia beri nama Bolt.');
INSERT OR IGNORE INTO book_pages (id, book_id, page_number, illustration_seed, text_en, text_id) VALUES ('pag_robot-and-me_3', 'bok_robot-and-me', 3, 'robot-3', 'Bolt could not talk, but it beeped happily and rolled after Ken wherever he went.', 'Bolt tidak bisa berbicara, tapi ia berbunyi "beep" gembira dan mengikuti Ken ke mana pun ia pergi.');
INSERT OR IGNORE INTO book_pages (id, book_id, page_number, illustration_seed, text_en, text_id) VALUES ('pag_robot-and-me_4', 'bok_robot-and-me', 4, 'robot-4', 'At school, Ken was too shy to share his invention. He worried the other kids might laugh.', 'Di sekolah, Ken terlalu malu untuk menunjukkan ciptaannya. Ia khawatir teman-teman akan menertawakannya.');
INSERT OR IGNORE INTO book_pages (id, book_id, page_number, illustration_seed, text_en, text_id) VALUES ('pag_robot-and-me_5', 'bok_robot-and-me', 5, 'robot-5', 'But Bolt rolled out of his backpack by accident — and beeped so cheerfully that the whole class laughed with joy, not mockery.', 'Namun Bolt tidak sengaja menggelinding keluar dari tasnya — dan berbunyi begitu ceria hingga seisi kelas tertawa senang, bukan mengejek.');
INSERT OR IGNORE INTO book_pages (id, book_id, page_number, illustration_seed, text_en, text_id) VALUES ('pag_robot-and-me_6', 'bok_robot-and-me', 6, 'robot-6', 'Soon, every classmate wanted to help Ken build more robot friends, using boxes and gears of their own.', 'Segera, semua teman sekelas ingin membantu Ken membuat lebih banyak teman robot, menggunakan kardus dan roda gigi mereka sendiri.');
INSERT OR IGNORE INTO book_pages (id, book_id, page_number, illustration_seed, text_en, text_id) VALUES ('pag_robot-and-me_7', 'bok_robot-and-me', 7, 'robot-7', 'Ken learned that sharing what you love can turn a quiet idea into something everyone enjoys together.', 'Ken belajar bahwa berbagi apa yang kita sukai bisa mengubah ide yang sunyi menjadi sesuatu yang dinikmati bersama.');
INSERT OR IGNORE INTO quiz_questions (id, book_id, sort_order, question_en, question_id, options_en_json, options_id_json, correct_index, xp_reward) VALUES ('qz_robot-and-me_1', 'bok_robot-and-me', 1, 'What did Ken name his robot?', 'Siapa nama yang Ken berikan untuk robotnya?', '["Bolt","Spark","Gizmo","Circuit"]', '["Bolt","Spark","Gizmo","Circuit"]', 0, 10);
INSERT OR IGNORE INTO quiz_questions (id, book_id, sort_order, question_en, question_id, options_en_json, options_id_json, correct_index, xp_reward) VALUES ('qz_robot-and-me_2', 'bok_robot-and-me', 2, 'Why was Ken afraid to share his invention at school?', 'Kenapa Ken takut menunjukkan ciptaannya di sekolah?', '["He forgot it at home","He worried classmates would laugh","It was broken","He did not like robots"]', '["Ia lupa membawanya","Ia khawatir teman-teman menertawakannya","Robotnya rusak","Ia tidak suka robot"]', 1, 10);
INSERT OR IGNORE INTO quiz_questions (id, book_id, sort_order, question_en, question_id, options_en_json, options_id_json, correct_index, xp_reward) VALUES ('qz_robot-and-me_3', 'bok_robot-and-me', 3, 'What happened when the class saw Bolt?', 'Apa yang terjadi saat kelas melihat Bolt?', '["They ignored it","They laughed with joy and wanted to help build more","The teacher took it away","Everyone got scared"]', '["Mereka mengabaikannya","Mereka tertawa senang dan ingin membantu membuat lebih banyak","Guru mengambilnya","Semua orang ketakutan"]', 1, 10);

INSERT OR IGNORE INTO books (id, slug, title_en, title_id, description_en, description_id, category_id, author_id, cover_palette, cover_emoji, age_min, age_max, is_premium, status, page_count, read_count, created_at, updated_at) VALUES ('bok_goodnight-little-owl', 'goodnight-little-owl', 'Goodnight, Little Owl', 'Selamat Malam, Burung Hantu Kecil', 'A tiny owl who is afraid of the daylight learns that everyone has their own perfect time to shine.', 'Burung hantu kecil yang takut cahaya siang belajar bahwa setiap makhluk punya waktunya sendiri untuk bersinar.', 'cat_bedtime', 'aut_siti-aminah', 'night', '🦉', 2, 6, 0, 'published', 7, 1571, 1784514532774, 1784514532774);
INSERT OR IGNORE INTO book_pages (id, book_id, page_number, illustration_seed, text_en, text_id) VALUES ('pag_goodnight-little-owl_1', 'bok_goodnight-little-owl', 1, 'owl-1', 'High in an old oak tree lived a tiny owl named Pip, who loved the cool, quiet night.', 'Tinggi di pohon ek tua, hiduplah burung hantu kecil bernama Pip, yang menyukai malam yang sejuk dan tenang.');
INSERT OR IGNORE INTO book_pages (id, book_id, page_number, illustration_seed, text_en, text_id) VALUES ('pag_goodnight-little-owl_2', 'bok_goodnight-little-owl', 2, 'owl-2', 'While other animals slept, Pip opened her big round eyes and watched the moon rise softly.', 'Saat hewan lain tertidur, Pip membuka mata bulatnya yang besar dan menyaksikan bulan terbit perlahan.');
INSERT OR IGNORE INTO book_pages (id, book_id, page_number, illustration_seed, text_en, text_id) VALUES ('pag_goodnight-little-owl_3', 'bok_goodnight-little-owl', 3, 'owl-3', 'She gently glided from branch to branch, humming a soft tune only the stars could hear.', 'Ia terbang lembut dari dahan ke dahan, bersenandung pelan yang hanya bisa didengar oleh bintang-bintang.');
INSERT OR IGNORE INTO book_pages (id, book_id, page_number, illustration_seed, text_en, text_id) VALUES ('pag_goodnight-little-owl_4', 'bok_goodnight-little-owl', 4, 'owl-4', 'Down below, a little firefly blinked her light. "Aren''t you scared of the dark?" she asked.', 'Di bawah sana, seekor kunang-kunang kecil berkedip. "Kamu tidak takut gelap?" tanyanya.');
INSERT OR IGNORE INTO book_pages (id, book_id, page_number, illustration_seed, text_en, text_id) VALUES ('pag_goodnight-little-owl_5', 'bok_goodnight-little-owl', 5, 'owl-5', '"The dark is my favorite blanket," said Pip with a smile. "It is soft, quiet, and full of stars."', '"Gelap adalah selimut favoritku," kata Pip sambil tersenyum. "Lembut, tenang, dan penuh bintang."');
INSERT OR IGNORE INTO book_pages (id, book_id, page_number, illustration_seed, text_en, text_id) VALUES ('pag_goodnight-little-owl_6', 'bok_goodnight-little-owl', 6, 'owl-6', 'The firefly smiled back and lit up beside her, and together they made the night feel warm and cozy.', 'Kunang-kunang itu tersenyum balik dan bersinar di sampingnya, dan bersama-sama mereka membuat malam terasa hangat.');
INSERT OR IGNORE INTO book_pages (id, book_id, page_number, illustration_seed, text_en, text_id) VALUES ('pag_goodnight-little-owl_7', 'bok_goodnight-little-owl', 7, 'owl-7', 'As the forest grew sleepy and still, Pip whispered goodnight to the moon — and so do you. Sweet dreams.', 'Saat hutan mulai lelap dan tenang, Pip berbisik selamat malam pada bulan — begitu juga kamu. Mimpi indah.');
INSERT OR IGNORE INTO quiz_questions (id, book_id, sort_order, question_en, question_id, options_en_json, options_id_json, correct_index, xp_reward) VALUES ('qz_goodnight-little-owl_1', 'bok_goodnight-little-owl', 1, 'What is Pip''s name?', 'Siapa nama burung hantu kecil itu?', '["Pip","Hoot","Luna","Star"]', '["Pip","Hoot","Luna","Star"]', 0, 10);
INSERT OR IGNORE INTO quiz_questions (id, book_id, sort_order, question_en, question_id, options_en_json, options_id_json, correct_index, xp_reward) VALUES ('qz_goodnight-little-owl_2', 'bok_goodnight-little-owl', 2, 'What did Pip call the dark?', 'Apa julukan Pip untuk kegelapan?', '["Her favorite blanket","Something scary","A monster","Cold and lonely"]', '["Selimut favoritnya","Sesuatu yang menakutkan","Monster","Dingin dan sepi"]', 0, 10);
INSERT OR IGNORE INTO quiz_questions (id, book_id, sort_order, question_en, question_id, options_en_json, options_id_json, correct_index, xp_reward) VALUES ('qz_goodnight-little-owl_3', 'bok_goodnight-little-owl', 3, 'Who became friends with Pip?', 'Siapa yang berteman dengan Pip?', '["A firefly","A wolf","A cat","A bear"]', '["Kunang-kunang","Serigala","Kucing","Beruang"]', 0, 10);

INSERT OR IGNORE INTO books (id, slug, title_en, title_id, description_en, description_id, category_id, author_id, cover_palette, cover_emoji, age_min, age_max, is_premium, status, page_count, read_count, created_at, updated_at) VALUES ('bok_the-letter-parade', 'the-letter-parade', 'The Letter Parade', 'Parade Huruf', 'The letters of the alphabet come to life for a parade, helping a little girl fall in love with reading.', 'Huruf-huruf abjad hidup dan berbaris dalam parade, membuat seorang gadis kecil jatuh cinta pada membaca.', 'cat_learning', 'aut_axto-creative-team', 'dusk', '🔤', 3, 6, 0, 'published', 6, 1442, 1784514532774, 1784514532774);
INSERT OR IGNORE INTO book_pages (id, book_id, page_number, illustration_seed, text_en, text_id) VALUES ('pag_the-letter-parade_1', 'bok_the-letter-parade', 1, 'letter-1', 'Every night before bed, little Nadia said, "I don''t like letters. They look like squiggly lines."', 'Setiap malam sebelum tidur, Nadia kecil berkata, "Aku tidak suka huruf. Bentuknya seperti garis-garis aneh."');
INSERT OR IGNORE INTO book_pages (id, book_id, page_number, illustration_seed, text_en, text_id) VALUES ('pag_the-letter-parade_2', 'bok_the-letter-parade', 2, 'letter-2', 'One night, a shining letter A hopped off her book. "Would you like to meet my friends?" it asked cheerfully.', 'Suatu malam, huruf A yang berkilau melompat keluar dari bukunya. "Mau berkenalan dengan teman-temanku?" tanyanya riang.');
INSERT OR IGNORE INTO book_pages (id, book_id, page_number, illustration_seed, text_en, text_id) VALUES ('pag_the-letter-parade_3', 'bok_the-letter-parade', 3, 'letter-3', 'Suddenly, B bounced in like a ball, C curled up like a smiling moon, and D marched like a little drum.', 'Tiba-tiba, B memantul seperti bola, C melengkung seperti bulan yang tersenyum, dan D berbaris seperti drum kecil.');
INSERT OR IGNORE INTO book_pages (id, book_id, page_number, illustration_seed, text_en, text_id) VALUES ('pag_the-letter-parade_4', 'bok_the-letter-parade', 4, 'letter-4', 'The letters lined up into a parade, and when they marched together, they spelled Nadia''s name!', 'Huruf-huruf itu berbaris membentuk parade, dan ketika berjalan bersama, mereka mengeja nama Nadia!');
INSERT OR IGNORE INTO book_pages (id, book_id, page_number, illustration_seed, text_en, text_id) VALUES ('pag_the-letter-parade_5', 'bok_the-letter-parade', 5, 'letter-5', '"Every letter is a puzzle piece," said A. "Put enough pieces together, and you can tell any story in the world."', '"Setiap huruf adalah kepingan puzzle," kata A. "Kumpulkan cukup banyak kepingan, dan kamu bisa menceritakan kisah apa pun di dunia."');
INSERT OR IGNORE INTO book_pages (id, book_id, page_number, illustration_seed, text_en, text_id) VALUES ('pag_the-letter-parade_6', 'bok_the-letter-parade', 6, 'letter-6', 'From that night on, Nadia looked at every book with new excitement, ready to meet the letters inside.', 'Sejak malam itu, Nadia memandang setiap buku dengan semangat baru, siap bertemu huruf-huruf di dalamnya.');
INSERT OR IGNORE INTO quiz_questions (id, book_id, sort_order, question_en, question_id, options_en_json, options_id_json, correct_index, xp_reward) VALUES ('qz_the-letter-parade_1', 'bok_the-letter-parade', 1, 'What did Nadia think of letters at first?', 'Apa pendapat Nadia tentang huruf pada awalnya?', '["She loved them","She thought they were squiggly lines","She thought they were tasty","She ignored them"]', '["Ia menyukainya","Ia pikir bentuknya aneh","Ia pikir rasanya enak","Ia mengabaikannya"]', 1, 10);
INSERT OR IGNORE INTO quiz_questions (id, book_id, sort_order, question_en, question_id, options_en_json, options_id_json, correct_index, xp_reward) VALUES ('qz_the-letter-parade_2', 'bok_the-letter-parade', 2, 'What did the letters spell when they marched together?', 'Apa yang dieja huruf-huruf saat berbaris bersama?', '["Nadia''s name","A number","A song","Nothing"]', '["Nama Nadia","Sebuah angka","Sebuah lagu","Tidak ada apa-apa"]', 0, 10);
INSERT OR IGNORE INTO quiz_questions (id, book_id, sort_order, question_en, question_id, options_en_json, options_id_json, correct_index, xp_reward) VALUES ('qz_the-letter-parade_3', 'bok_the-letter-parade', 3, 'What did letter A compare letters to?', 'Huruf A membandingkan huruf dengan apa?', '["Puzzle pieces","Rocks","Clouds","Shoes"]', '["Kepingan puzzle","Batu","Awan","Sepatu"]', 0, 10);

INSERT OR IGNORE INTO books (id, slug, title_en, title_id, description_en, description_id, category_id, author_id, cover_palette, cover_emoji, age_min, age_max, is_premium, status, page_count, read_count, created_at, updated_at) VALUES ('bok_the-honest-woodcutter', 'the-honest-woodcutter', 'The Honest Woodcutter', 'Tukang Kayu yang Jujur', 'A retelling of a timeless folk tale about a poor woodcutter whose honesty is rewarded beyond measure.', 'Kisah rakyat abadi tentang tukang kayu miskin yang kejujurannya diganjar dengan berlipat ganda.', 'cat_moral-stories', 'aut_axto-creative-team', 'meadow', '🪓', 4, 9, 0, 'published', 7, 2240, 1784514532774, 1784514532774);
INSERT OR IGNORE INTO book_pages (id, book_id, page_number, illustration_seed, text_en, text_id) VALUES ('pag_the-honest-woodcutter_1', 'bok_the-honest-woodcutter', 1, 'wood-1', 'Near a quiet village lived a poor woodcutter named Tomo, who worked hard every single day to feed his family.', 'Dekat sebuah desa yang tenang, hiduplah tukang kayu miskin bernama Tomo, yang bekerja keras setiap hari demi keluarganya.');
INSERT OR IGNORE INTO book_pages (id, book_id, page_number, illustration_seed, text_en, text_id) VALUES ('pag_the-honest-woodcutter_2', 'bok_the-honest-woodcutter', 2, 'wood-2', 'One afternoon, while cutting wood by the river, his old iron axe slipped from his hands and sank into the water.', 'Suatu siang, saat menebang kayu di tepi sungai, kapak besinya yang tua terlepas dari tangannya dan tenggelam ke dalam air.');
INSERT OR IGNORE INTO book_pages (id, book_id, page_number, illustration_seed, text_en, text_id) VALUES ('pag_the-honest-woodcutter_3', 'bok_the-honest-woodcutter', 3, 'wood-3', 'Tomo sat down and cried, for that old axe was his only tool to earn a living. Suddenly, the river sparkled with light.', 'Tomo duduk dan menangis, sebab kapak tua itu adalah satu-satunya alat untuk mencari nafkah. Tiba-tiba, sungai itu berkilau cahaya.');
INSERT OR IGNORE INTO book_pages (id, book_id, page_number, illustration_seed, text_en, text_id) VALUES ('pag_the-honest-woodcutter_4', 'bok_the-honest-woodcutter', 4, 'wood-4', 'A kind spirit of the river rose up, holding a golden axe. "Is this your axe?" she asked gently.', 'Seorang roh sungai yang baik hati muncul, membawa kapak emas. "Apakah ini kapakmu?" tanyanya lembut.');
INSERT OR IGNORE INTO book_pages (id, book_id, page_number, illustration_seed, text_en, text_id) VALUES ('pag_the-honest-woodcutter_5', 'bok_the-honest-woodcutter', 5, 'wood-5', '"No," said Tomo honestly, "mine was old and made of iron, not gold." The spirit smiled and dove again, returning with a silver axe — but Tomo said the same.', '"Bukan," jawab Tomo jujur, "milikku sudah tua dan terbuat dari besi, bukan emas." Roh itu tersenyum dan menyelam lagi, kembali membawa kapak perak — namun Tomo tetap berkata jujur bahwa itu bukan miliknya.');
INSERT OR IGNORE INTO book_pages (id, book_id, page_number, illustration_seed, text_en, text_id) VALUES ('pag_the-honest-woodcutter_6', 'bok_the-honest-woodcutter', 6, 'wood-6', 'Finally, she returned his old iron axe. "Because you told the truth," she said, "please accept all three axes as a gift."', 'Akhirnya, ia mengembalikan kapak besi milik Tomo. "Karena kau berkata jujur," katanya, "terimalah ketiga kapak ini sebagai hadiah."');
INSERT OR IGNORE INTO book_pages (id, book_id, page_number, illustration_seed, text_en, text_id) VALUES ('pag_the-honest-woodcutter_7', 'bok_the-honest-woodcutter', 7, 'wood-7', 'Tomo thanked her with a full heart, and from that day, his honesty was known throughout the whole village.', 'Tomo berterima kasih dengan hati yang penuh, dan sejak hari itu, kejujurannya dikenal di seluruh desa.');
INSERT OR IGNORE INTO quiz_questions (id, book_id, sort_order, question_en, question_id, options_en_json, options_id_json, correct_index, xp_reward) VALUES ('qz_the-honest-woodcutter_1', 'bok_the-honest-woodcutter', 1, 'What happened to Tomo''s axe?', 'Apa yang terjadi pada kapak Tomo?', '["It broke","It fell into the river","It was stolen","It turned to gold"]', '["Patah","Jatuh ke sungai","Dicuri","Berubah jadi emas"]', 1, 10);
INSERT OR IGNORE INTO quiz_questions (id, book_id, sort_order, question_en, question_id, options_en_json, options_id_json, correct_index, xp_reward) VALUES ('qz_the-honest-woodcutter_2', 'bok_the-honest-woodcutter', 2, 'What did Tomo say when shown the golden axe?', 'Apa jawaban Tomo saat ditunjukkan kapak emas?', '["\"Yes, that is mine!\"","\"No, mine was iron\"","He said nothing","He took it anyway"]', '["\"Ya, itu milikku!\"","\"Bukan, milikku dari besi\"","Ia diam saja","Ia tetap mengambilnya"]', 1, 10);
INSERT OR IGNORE INTO quiz_questions (id, book_id, sort_order, question_en, question_id, options_en_json, options_id_json, correct_index, xp_reward) VALUES ('qz_the-honest-woodcutter_3', 'bok_the-honest-woodcutter', 3, 'Why did the river spirit reward Tomo?', 'Mengapa roh sungai memberi hadiah kepada Tomo?', '["Because he was rich","Because he was honest","Because he was fast","Because he asked for gold"]', '["Karena ia kaya","Karena ia jujur","Karena ia cepat","Karena ia meminta emas"]', 1, 10);

INSERT OR IGNORE INTO books (id, slug, title_en, title_id, description_en, description_id, category_id, author_id, cover_palette, cover_emoji, age_min, age_max, is_premium, status, page_count, read_count, created_at, updated_at) VALUES ('bok_the-magic-forest', 'the-magic-forest', 'The Magic Forest', 'Hutan Ajaib', 'Two siblings discover a hidden forest where every tree grants a wish — as long as it is a kind one.', 'Dua bersaudara menemukan hutan tersembunyi tempat setiap pohon mengabulkan permintaan — asal permintaan itu baik.', 'cat_fairy-tales', 'aut_sarah-johnson', 'forest', '🌳', 3, 8, 0, 'published', 7, 1058, 1784514532774, 1784514532774);
INSERT OR IGNORE INTO book_pages (id, book_id, page_number, illustration_seed, text_en, text_id) VALUES ('pag_the-magic-forest_1', 'bok_the-magic-forest', 1, 'forest-1', 'Siblings Aya and Budi were chasing a butterfly when they stumbled into a part of the forest they had never seen.', 'Kakak beradik Aya dan Budi sedang mengejar kupu-kupu ketika tiba-tiba mereka tersesat ke bagian hutan yang belum pernah mereka lihat.');
INSERT OR IGNORE INTO book_pages (id, book_id, page_number, illustration_seed, text_en, text_id) VALUES ('pag_the-magic-forest_2', 'bok_the-magic-forest', 2, 'forest-2', 'The leaves shimmered like silver, and the air smelled like warm honey and rain.', 'Daun-daunnya berkilau seperti perak, dan udaranya beraroma madu hangat dan hujan.');
INSERT OR IGNORE INTO book_pages (id, book_id, page_number, illustration_seed, text_en, text_id) VALUES ('pag_the-magic-forest_3', 'bok_the-magic-forest', 3, 'forest-3', 'An old tree with kind, glowing eyes spoke softly: "This is the Wishing Forest. Every tree here can grant one kind wish."', 'Sebatang pohon tua bermata lembut dan bercahaya berkata pelan, "Ini Hutan Permintaan. Setiap pohon di sini bisa mengabulkan satu permintaan baik."');
INSERT OR IGNORE INTO book_pages (id, book_id, page_number, illustration_seed, text_en, text_id) VALUES ('pag_the-magic-forest_4', 'bok_the-magic-forest', 4, 'forest-4', 'Budi wished for a mountain of candy, but the tree only rustled and stayed silent — that wish was not kind, only for himself.', 'Budi meminta gunung permen, tapi pohon itu hanya bergemerisik dan diam — permintaan itu tidak baik, hanya untuk dirinya sendiri.');
INSERT OR IGNORE INTO book_pages (id, book_id, page_number, illustration_seed, text_en, text_id) VALUES ('pag_the-magic-forest_5', 'bok_the-magic-forest', 5, 'forest-5', 'Then Aya wished for the nearby stream to always have clean water for every animal in the forest.', 'Lalu Aya berharap agar sungai di dekat sana selalu memiliki air bersih untuk semua hewan di hutan.');
INSERT OR IGNORE INTO book_pages (id, book_id, page_number, illustration_seed, text_en, text_id) VALUES ('pag_the-magic-forest_6', 'bok_the-magic-forest', 6, 'forest-6', 'The tree glowed brightly, and the stream sparkled clean and clear. "A wish for others always grows the strongest," it said.', 'Pohon itu bersinar terang, dan sungai berkilau bersih dan jernih. "Permintaan untuk orang lain selalu tumbuh paling kuat," katanya.');
INSERT OR IGNORE INTO book_pages (id, book_id, page_number, illustration_seed, text_en, text_id) VALUES ('pag_the-magic-forest_7', 'bok_the-magic-forest', 7, 'forest-7', 'Budi learned from his sister, and the next year, he returned to wish for shelter for the forest''s smallest animals.', 'Budi belajar dari kakaknya, dan tahun berikutnya, ia kembali untuk berharap ada tempat berlindung bagi hewan-hewan terkecil di hutan.');
INSERT OR IGNORE INTO quiz_questions (id, book_id, sort_order, question_en, question_id, options_en_json, options_id_json, correct_index, xp_reward) VALUES ('qz_the-magic-forest_1', 'bok_the-magic-forest', 1, 'What did the trees in the Wishing Forest grant?', 'Apa yang dikabulkan pohon-pohon di Hutan Permintaan?', '["Any wish at all","Only kind wishes","Only wishes for candy","No wishes"]', '["Semua jenis permintaan","Hanya permintaan baik","Hanya permintaan permen","Tidak ada permintaan"]', 1, 10);
INSERT OR IGNORE INTO quiz_questions (id, book_id, sort_order, question_en, question_id, options_en_json, options_id_json, correct_index, xp_reward) VALUES ('qz_the-magic-forest_2', 'bok_the-magic-forest', 2, 'Why didn''t Budi''s first wish come true?', 'Mengapa permintaan pertama Budi tidak dikabulkan?', '["It was too big","It was only for himself","The tree was asleep","He asked incorrectly"]', '["Terlalu besar","Hanya untuk dirinya sendiri","Pohonnya sedang tidur","Ia salah bertanya"]', 1, 10);
INSERT OR IGNORE INTO quiz_questions (id, book_id, sort_order, question_en, question_id, options_en_json, options_id_json, correct_index, xp_reward) VALUES ('qz_the-magic-forest_3', 'bok_the-magic-forest', 3, 'What did Aya wish for?', 'Apa yang diminta Aya?', '["A mountain of candy","Clean water for the animals","A new toy","To go home"]', '["Gunung permen","Air bersih untuk hewan-hewan","Mainan baru","Pulang ke rumah"]', 1, 10);

INSERT OR IGNORE INTO books (id, slug, title_en, title_id, description_en, description_id, category_id, author_id, cover_palette, cover_emoji, age_min, age_max, is_premium, status, page_count, read_count, created_at, updated_at) VALUES ('bok_princess-aira-and-the-lost-kite', 'princess-aira-and-the-lost-kite', 'Princess Aira and the Lost Kite', 'Putri Aira dan Layang-Layang yang Hilang', 'A young princess sets aside her crown to chase her kite across the kingdom, making unlikely friends along the way.', 'Seorang putri kecil melepas mahkotanya untuk mengejar layang-layangnya, dan menemukan sahabat-sahabat baru yang tak terduga.', 'cat_fairy-tales', 'aut_siti-aminah', 'dusk', '👑', 4, 8, 0, 'published', 7, 4687, 1784514532774, 1784514532774);
INSERT OR IGNORE INTO book_pages (id, book_id, page_number, illustration_seed, text_en, text_id) VALUES ('pag_princess-aira-and-the-lost-kite_1', 'bok_princess-aira-and-the-lost-kite', 1, 'aira-1', 'In a kingdom by the hills, Princess Aira loved flying her red kite more than wearing her golden crown.', 'Di sebuah kerajaan di antara bukit-bukit, Putri Aira lebih suka menerbangkan layang-layang merahnya daripada memakai mahkota emas.');
INSERT OR IGNORE INTO book_pages (id, book_id, page_number, illustration_seed, text_en, text_id) VALUES ('pag_princess-aira-and-the-lost-kite_2', 'bok_princess-aira-and-the-lost-kite', 2, 'aira-2', 'One windy afternoon, a strong gust snatched her kite away, carrying it over the castle walls.', 'Suatu sore yang berangin, hembusan kencang merenggut layang-layangnya, membawanya melewati tembok istana.');
INSERT OR IGNORE INTO book_pages (id, book_id, page_number, illustration_seed, text_en, text_id) VALUES ('pag_princess-aira-and-the-lost-kite_3', 'bok_princess-aira-and-the-lost-kite', 3, 'aira-3', 'Without a second thought, Aira took off her crown, put on her walking boots, and ran after it.', 'Tanpa berpikir dua kali, Aira melepas mahkotanya, memakai sepatu botnya, dan berlari mengejarnya.');
INSERT OR IGNORE INTO book_pages (id, book_id, page_number, illustration_seed, text_en, text_id) VALUES ('pag_princess-aira-and-the-lost-kite_4', 'bok_princess-aira-and-the-lost-kite', 4, 'aira-4', 'She met a baker boy who showed her a shortcut through the market, and a farmer girl who pointed toward the hills.', 'Ia bertemu seorang anak tukang roti yang menunjukkan jalan pintas melalui pasar, dan seorang anak petani yang menunjuk ke arah bukit.');
INSERT OR IGNORE INTO book_pages (id, book_id, page_number, illustration_seed, text_en, text_id) VALUES ('pag_princess-aira-and-the-lost-kite_5', 'bok_princess-aira-and-the-lost-kite', 5, 'aira-5', 'At last, she found her kite gently caught in a tall apple tree, with new friends cheering beside her.', 'Akhirnya, ia menemukan layang-layangnya tersangkut lembut di pohon apel yang tinggi, dengan teman-teman baru bersorak di sampingnya.');
INSERT OR IGNORE INTO book_pages (id, book_id, page_number, illustration_seed, text_en, text_id) VALUES ('pag_princess-aira-and-the-lost-kite_6', 'bok_princess-aira-and-the-lost-kite', 6, 'aira-6', 'Together they climbed and freed the kite, laughing as it soared back into the golden evening sky.', 'Bersama-sama mereka memanjat dan melepaskan layang-layang itu, tertawa saat ia kembali terbang ke langit senja keemasan.');
INSERT OR IGNORE INTO book_pages (id, book_id, page_number, illustration_seed, text_en, text_id) VALUES ('pag_princess-aira-and-the-lost-kite_7', 'bok_princess-aira-and-the-lost-kite', 7, 'aira-7', 'Aira returned to the castle without her crown, but with something far more precious — new friends from every corner of the kingdom.', 'Aira kembali ke istana tanpa mahkotanya, tetapi membawa sesuatu yang jauh lebih berharga — sahabat baru dari setiap penjuru kerajaan.');
INSERT OR IGNORE INTO quiz_questions (id, book_id, sort_order, question_en, question_id, options_en_json, options_id_json, correct_index, xp_reward) VALUES ('qz_princess-aira-and-the-lost-kite_1', 'bok_princess-aira-and-the-lost-kite', 1, 'What did Princess Aira love more than her crown?', 'Apa yang lebih disukai Putri Aira daripada mahkotanya?', '["Flying her kite","Eating cake","Reading books","Playing music"]', '["Menerbangkan layang-layang","Makan kue","Membaca buku","Bermain musik"]', 0, 10);
INSERT OR IGNORE INTO quiz_questions (id, book_id, sort_order, question_en, question_id, options_en_json, options_id_json, correct_index, xp_reward) VALUES ('qz_princess-aira-and-the-lost-kite_2', 'bok_princess-aira-and-the-lost-kite', 2, 'Who helped Aira find her way?', 'Siapa yang membantu Aira menemukan jalan?', '["A baker boy and a farmer girl","The king","A dragon","No one"]', '["Anak tukang roti dan anak petani","Sang raja","Seekor naga","Tidak ada yang membantu"]', 0, 10);
INSERT OR IGNORE INTO quiz_questions (id, book_id, sort_order, question_en, question_id, options_en_json, options_id_json, correct_index, xp_reward) VALUES ('qz_princess-aira-and-the-lost-kite_3', 'bok_princess-aira-and-the-lost-kite', 3, 'What did Aira gain by the end of the story?', 'Apa yang didapat Aira di akhir cerita?', '["A new crown","New friends","A new kite","Gold coins"]', '["Mahkota baru","Sahabat baru","Layang-layang baru","Koin emas"]', 1, 10);

INSERT OR IGNORE INTO books (id, slug, title_en, title_id, description_en, description_id, category_id, author_id, cover_palette, cover_emoji, age_min, age_max, is_premium, status, page_count, read_count, created_at, updated_at) VALUES ('bok_counting-stars-with-mira', 'counting-stars-with-mira', 'Counting Stars with Mira', 'Menghitung Bintang Bersama Mira', 'Mira and her grandfather count stars one by one and discover that numbers can be magical.', 'Mira dan kakeknya menghitung bintang satu per satu dan menemukan bahwa angka bisa terasa ajaib.', 'cat_numbers', 'aut_axto-creative-team', 'cosmic', '⭐', 3, 6, 0, 'published', 6, 998, 1784514532774, 1784514532774);
INSERT OR IGNORE INTO book_pages (id, book_id, page_number, illustration_seed, text_en, text_id) VALUES ('pag_counting-stars-with-mira_1', 'bok_counting-stars-with-mira', 1, 'mira-1', 'Every clear night, Mira climbed onto the roof with Grandpa to look at the sky.', 'Setiap malam cerah, Mira naik ke atap bersama Kakek untuk memandangi langit.');
INSERT OR IGNORE INTO book_pages (id, book_id, page_number, illustration_seed, text_en, text_id) VALUES ('pag_counting-stars-with-mira_2', 'bok_counting-stars-with-mira', 2, 'mira-2', '"Let''s count the stars," said Grandpa. "One star, two stars, three stars!"', '"Ayo kita hitung bintangnya," kata Kakek. "Satu bintang, dua bintang, tiga bintang!"');
INSERT OR IGNORE INTO book_pages (id, book_id, page_number, illustration_seed, text_en, text_id) VALUES ('pag_counting-stars-with-mira_3', 'bok_counting-stars-with-mira', 3, 'mira-3', 'Mira giggled and pointed at four twinkling stars shaped like a kite, then five more near the moon.', 'Mira tertawa dan menunjuk empat bintang berkelip berbentuk layang-layang, lalu lima lagi dekat bulan.');
INSERT OR IGNORE INTO book_pages (id, book_id, page_number, illustration_seed, text_en, text_id) VALUES ('pag_counting-stars-with-mira_4', 'bok_counting-stars-with-mira', 4, 'mira-4', 'By the time they reached ten, Mira could count all on her own, without any help at all.', 'Saat mereka sampai hitungan sepuluh, Mira sudah bisa menghitung sendiri tanpa bantuan.');
INSERT OR IGNORE INTO book_pages (id, book_id, page_number, illustration_seed, text_en, text_id) VALUES ('pag_counting-stars-with-mira_5', 'bok_counting-stars-with-mira', 5, 'mira-5', '"Numbers help us see how big the world is," said Grandpa, "from one tiny star to a thousand."', '"Angka membantu kita melihat seberapa besar dunia ini," kata Kakek, "dari satu bintang kecil sampai seribu."');
INSERT OR IGNORE INTO book_pages (id, book_id, page_number, illustration_seed, text_en, text_id) VALUES ('pag_counting-stars-with-mira_6', 'bok_counting-stars-with-mira', 6, 'mira-6', 'From that night on, Mira counted everything she loved — her toys, her books, and her stars.', 'Sejak malam itu, Mira menghitung semua yang ia sukai — mainannya, bukunya, dan bintang-bintangnya.');
INSERT OR IGNORE INTO quiz_questions (id, book_id, sort_order, question_en, question_id, options_en_json, options_id_json, correct_index, xp_reward) VALUES ('qz_counting-stars-with-mira_1', 'bok_counting-stars-with-mira', 1, 'Who did Mira count stars with?', 'Bersama siapa Mira menghitung bintang?', '["Her teacher","Grandpa","Her dog","A neighbor"]', '["Gurunya","Kakek","Anjingnya","Tetangga"]', 1, 10);
INSERT OR IGNORE INTO quiz_questions (id, book_id, sort_order, question_en, question_id, options_en_json, options_id_json, correct_index, xp_reward) VALUES ('qz_counting-stars-with-mira_2', 'bok_counting-stars-with-mira', 2, 'How many stars could Mira count by the end?', 'Sampai angka berapa Mira bisa menghitung di akhir cerita?', '["Five","Ten","Twenty","One hundred"]', '["Lima","Sepuluh","Dua puluh","Seratus"]', 1, 10);
INSERT OR IGNORE INTO quiz_questions (id, book_id, sort_order, question_en, question_id, options_en_json, options_id_json, correct_index, xp_reward) VALUES ('qz_counting-stars-with-mira_3', 'bok_counting-stars-with-mira', 3, 'What did Mira start counting after that night?', 'Apa yang mulai dihitung Mira setelah malam itu?', '["Only stars","Everything she loved","Nothing","Only numbers on a clock"]', '["Hanya bintang","Semua yang ia sukai","Tidak ada","Hanya angka di jam"]', 1, 10);

INSERT OR IGNORE INTO books (id, slug, title_en, title_id, description_en, description_id, category_id, author_id, cover_palette, cover_emoji, age_min, age_max, is_premium, status, page_count, read_count, created_at, updated_at) VALUES ('bok_two-best-friends-and-one-umbrella', 'two-best-friends-and-one-umbrella', 'Two Best Friends and One Umbrella', 'Dua Sahabat dan Satu Payung', 'When sudden rain catches two friends with only one umbrella, they learn that sharing makes any storm smaller.', 'Saat hujan tiba-tiba turun dan hanya ada satu payung, dua sahabat belajar bahwa berbagi membuat badai apa pun terasa lebih kecil.', 'cat_friendship', 'aut_axto-creative-team', 'ocean', '☂️', 3, 7, 0, 'published', 6, 1841, 1784514532774, 1784514532774);
INSERT OR IGNORE INTO book_pages (id, book_id, page_number, illustration_seed, text_en, text_id) VALUES ('pag_two-best-friends-and-one-umbrella_1', 'bok_two-best-friends-and-one-umbrella', 1, 'friends-1', 'Dara and Beni walked home from school together every single day, rain or shine.', 'Dara dan Beni selalu berjalan pulang sekolah bersama setiap hari, hujan atau cerah.');
INSERT OR IGNORE INTO book_pages (id, book_id, page_number, illustration_seed, text_en, text_id) VALUES ('pag_two-best-friends-and-one-umbrella_2', 'bok_two-best-friends-and-one-umbrella', 2, 'friends-2', 'One afternoon, dark clouds rolled in fast, and only Dara remembered to bring an umbrella.', 'Suatu sore, awan gelap datang dengan cepat, dan hanya Dara yang ingat membawa payung.');
INSERT OR IGNORE INTO book_pages (id, book_id, page_number, illustration_seed, text_en, text_id) VALUES ('pag_two-best-friends-and-one-umbrella_3', 'bok_two-best-friends-and-one-umbrella', 3, 'friends-3', '"You take it," said Dara. "No, you take it," said Beni. Neither wanted the other to get wet.', '"Kamu pakai saja," kata Dara. "Tidak, kamu saja," kata Beni. Tak ada yang mau temannya basah.');
INSERT OR IGNORE INTO book_pages (id, book_id, page_number, illustration_seed, text_en, text_id) VALUES ('pag_two-best-friends-and-one-umbrella_4', 'bok_two-best-friends-and-one-umbrella', 4, 'friends-4', 'Then Dara had an idea. "Let''s hold it together, in the middle, so we both stay dry!"', 'Lalu Dara punya ide. "Ayo kita pegang bersama, di tengah, supaya kita berdua tetap kering!"');
INSERT OR IGNORE INTO book_pages (id, book_id, page_number, illustration_seed, text_en, text_id) VALUES ('pag_two-best-friends-and-one-umbrella_5', 'bok_two-best-friends-and-one-umbrella', 5, 'friends-5', 'They laughed as they splashed through puddles, shoulder to shoulder under the small umbrella.', 'Mereka tertawa sambil menerjang genangan air, berdampingan di bawah payung kecil itu.');
INSERT OR IGNORE INTO book_pages (id, book_id, page_number, illustration_seed, text_en, text_id) VALUES ('pag_two-best-friends-and-one-umbrella_6', 'bok_two-best-friends-and-one-umbrella', 6, 'friends-6', 'They reached home a little damp at the edges, but happier than any dry walk alone.', 'Mereka sampai rumah dengan sedikit basah di ujung baju, tapi lebih bahagia daripada jalan sendirian dalam keadaan kering.');
INSERT OR IGNORE INTO quiz_questions (id, book_id, sort_order, question_en, question_id, options_en_json, options_id_json, correct_index, xp_reward) VALUES ('qz_two-best-friends-and-one-umbrella_1', 'bok_two-best-friends-and-one-umbrella', 1, 'Who remembered to bring an umbrella?', 'Siapa yang ingat membawa payung?', '["Beni","Dara","Their teacher","No one"]', '["Beni","Dara","Gurunya","Tidak ada"]', 1, 10);
INSERT OR IGNORE INTO quiz_questions (id, book_id, sort_order, question_en, question_id, options_en_json, options_id_json, correct_index, xp_reward) VALUES ('qz_two-best-friends-and-one-umbrella_2', 'bok_two-best-friends-and-one-umbrella', 2, 'How did they solve the umbrella problem?', 'Bagaimana mereka menyelesaikan masalah payung itu?', '["They ran home separately","They held it together","They waited for the rain to stop","They called a taxi"]', '["Mereka lari pulang sendiri-sendiri","Mereka memegangnya bersama","Mereka menunggu hujan reda","Mereka memanggil taksi"]', 1, 10);
INSERT OR IGNORE INTO quiz_questions (id, book_id, sort_order, question_en, question_id, options_en_json, options_id_json, correct_index, xp_reward) VALUES ('qz_two-best-friends-and-one-umbrella_3', 'bok_two-best-friends-and-one-umbrella', 3, 'What is the lesson of this story?', 'Apa pelajaran dari cerita ini?', '["Always walk home alone","Sharing makes hard moments easier together","Umbrellas are not useful","Rain should be avoided at all costs"]', '["Selalu jalan pulang sendirian","Berbagi membuat saat sulit terasa lebih ringan bersama","Payung tidak berguna","Hujan harus dihindari dengan segala cara"]', 1, 10);

INSERT OR IGNORE INTO books (id, slug, title_en, title_id, description_en, description_id, category_id, author_id, cover_palette, cover_emoji, age_min, age_max, is_premium, status, page_count, read_count, created_at, updated_at) VALUES ('bok_captain-kindness-saves-the-day', 'captain-kindness-saves-the-day', 'Captain Kindness Saves the Day', 'Captain Kindness Menyelamatkan Hari', 'A boy discovers that his cardboard cape and a kind heart make him a real kind of hero.', 'Seorang anak menyadari bahwa jubah kardusnya dan hati yang baik menjadikannya pahlawan sungguhan.', 'cat_superheroes', 'aut_axto-creative-team', 'dusk', '🦸', 4, 8, 0, 'published', 6, 228, 1784514532774, 1784514532774);
INSERT OR IGNORE INTO book_pages (id, book_id, page_number, illustration_seed, text_en, text_id) VALUES ('pag_captain-kindness-saves-the-day_1', 'bok_captain-kindness-saves-the-day', 1, 'hero-1', 'Eli wore a cardboard cape everywhere he went, pretending to be a mighty superhero.', 'Eli memakai jubah kardus ke mana pun ia pergi, berpura-pura menjadi pahlawan super yang hebat.');
INSERT OR IGNORE INTO book_pages (id, book_id, page_number, illustration_seed, text_en, text_id) VALUES ('pag_captain-kindness-saves-the-day_2', 'bok_captain-kindness-saves-the-day', 2, 'hero-2', 'He practiced flying poses and superhero landings, but he had never actually saved anyone.', 'Ia berlatih pose terbang dan gaya mendarat pahlawan, tapi belum pernah benar-benar menolong siapa pun.');
INSERT OR IGNORE INTO book_pages (id, book_id, page_number, illustration_seed, text_en, text_id) VALUES ('pag_captain-kindness-saves-the-day_3', 'bok_captain-kindness-saves-the-day', 3, 'hero-3', 'At the park, he saw a little girl crying because her balloon had floated into a tall tree.', 'Di taman, ia melihat seorang gadis kecil menangis karena balonnya tersangkut di pohon tinggi.');
INSERT OR IGNORE INTO book_pages (id, book_id, page_number, illustration_seed, text_en, text_id) VALUES ('pag_captain-kindness-saves-the-day_4', 'bok_captain-kindness-saves-the-day', 4, 'hero-4', '"Don''t worry! Captain Kindness is here!" Eli called out, and he found a long stick to help.', '"Jangan khawatir! Captain Kindness datang!" seru Eli, dan ia mencari tongkat panjang untuk membantu.');
INSERT OR IGNORE INTO book_pages (id, book_id, page_number, illustration_seed, text_en, text_id) VALUES ('pag_captain-kindness-saves-the-day_5', 'bok_captain-kindness-saves-the-day', 5, 'hero-5', 'With a gentle poke, the balloon floated back down, and the little girl smiled brightly.', 'Dengan colekan lembut, balon itu melayang turun kembali, dan gadis kecil itu tersenyum cerah.');
INSERT OR IGNORE INTO book_pages (id, book_id, page_number, illustration_seed, text_en, text_id) VALUES ('pag_captain-kindness-saves-the-day_6', 'bok_captain-kindness-saves-the-day', 6, 'hero-6', 'Eli realized his real superpower was not flying — it was noticing when someone needed help.', 'Eli menyadari kekuatan sejatinya bukanlah terbang — melainkan peka saat ada yang membutuhkan bantuan.');
INSERT OR IGNORE INTO quiz_questions (id, book_id, sort_order, question_en, question_id, options_en_json, options_id_json, correct_index, xp_reward) VALUES ('qz_captain-kindness-saves-the-day_1', 'bok_captain-kindness-saves-the-day', 1, 'What did Eli wear as his superhero costume?', 'Apa yang dipakai Eli sebagai kostum pahlawannya?', '["A cardboard cape","A real cape","A crown","Wings"]', '["Jubah kardus","Jubah sungguhan","Mahkota","Sayap"]', 0, 10);
INSERT OR IGNORE INTO quiz_questions (id, book_id, sort_order, question_en, question_id, options_en_json, options_id_json, correct_index, xp_reward) VALUES ('qz_captain-kindness-saves-the-day_2', 'bok_captain-kindness-saves-the-day', 2, 'How did Eli help the little girl?', 'Bagaimana Eli membantu gadis kecil itu?', '["He flew up to get the balloon","He used a long stick","He called her parents","He gave her a new balloon"]', '["Ia terbang mengambil balon","Ia menggunakan tongkat panjang","Ia memanggil orang tuanya","Ia memberi balon baru"]', 1, 10);
INSERT OR IGNORE INTO quiz_questions (id, book_id, sort_order, question_en, question_id, options_en_json, options_id_json, correct_index, xp_reward) VALUES ('qz_captain-kindness-saves-the-day_3', 'bok_captain-kindness-saves-the-day', 3, 'What did Eli learn was his real superpower?', 'Apa yang Eli sadari sebagai kekuatan sejatinya?', '["Flying","Noticing when someone needs help","Being invisible","Super strength"]', '["Terbang","Peka saat ada yang butuh bantuan","Menghilang","Kekuatan super"]', 1, 10);

INSERT OR IGNORE INTO books (id, slug, title_en, title_id, description_en, description_id, category_id, author_id, cover_palette, cover_emoji, age_min, age_max, is_premium, status, page_count, read_count, created_at, updated_at) VALUES ('bok_trucky-the-brave-fire-truck', 'trucky-the-brave-fire-truck', 'Trucky the Brave Fire Truck', 'Trucky, Mobil Pemadam yang Berani', 'A young fire truck who feels too small learns that courage, not size, is what makes a rescue vehicle brave.', 'Sebuah mobil pemadam kebakaran kecil yang merasa terlalu mungil belajar bahwa keberanian, bukan ukuran, yang membuatnya hebat.', 'cat_vehicles', 'aut_axto-creative-team', 'candy', '🚒', 3, 7, 0, 'published', 6, 3592, 1784514532774, 1784514532774);
INSERT OR IGNORE INTO book_pages (id, book_id, page_number, illustration_seed, text_en, text_id) VALUES ('pag_trucky-the-brave-fire-truck_1', 'bok_trucky-the-brave-fire-truck', 1, 'truck-1', 'At Maple Street Fire Station, the newest fire truck was small and shiny red. His name was Trucky.', 'Di Stasiun Pemadam Jalan Maple, mobil pemadam terbaru berukuran kecil dan merah mengkilap. Namanya Trucky.');
INSERT OR IGNORE INTO book_pages (id, book_id, page_number, illustration_seed, text_en, text_id) VALUES ('pag_trucky-the-brave-fire-truck_2', 'bok_trucky-the-brave-fire-truck', 2, 'truck-2', 'The big trucks could carry tall ladders and huge hoses. Trucky worried he was too small to help.', 'Truk-truk besar bisa membawa tangga tinggi dan selang raksasa. Trucky khawatir ia terlalu kecil untuk membantu.');
INSERT OR IGNORE INTO book_pages (id, book_id, page_number, illustration_seed, text_en, text_id) VALUES ('pag_trucky-the-brave-fire-truck_3', 'bok_trucky-the-brave-fire-truck', 3, 'truck-3', 'One day, an alarm rang for a kitten stuck in a narrow drainpipe that no big truck could reach.', 'Suatu hari, alarm berbunyi untuk seekor kucing kecil yang terjebak di pipa saluran sempit yang tak terjangkau truk besar.');
INSERT OR IGNORE INTO book_pages (id, book_id, page_number, illustration_seed, text_en, text_id) VALUES ('pag_trucky-the-brave-fire-truck_4', 'bok_trucky-the-brave-fire-truck', 4, 'truck-4', '"This is a job for someone small and brave," said the fire chief, looking right at Trucky.', '"Ini tugas untuk yang kecil dan berani," kata kepala pemadam, menatap langsung ke Trucky.');
INSERT OR IGNORE INTO book_pages (id, book_id, page_number, illustration_seed, text_en, text_id) VALUES ('pag_trucky-the-brave-fire-truck_5', 'bok_trucky-the-brave-fire-truck', 5, 'truck-5', 'Trucky squeezed carefully through the narrow lane, and his crew gently rescued the frightened kitten.', 'Trucky menyelinap hati-hati melewati gang sempit, dan krunya menyelamatkan kucing ketakutan itu dengan lembut.');
INSERT OR IGNORE INTO book_pages (id, book_id, page_number, illustration_seed, text_en, text_id) VALUES ('pag_trucky-the-brave-fire-truck_6', 'bok_trucky-the-brave-fire-truck', 6, 'truck-6', 'That day, Trucky learned that every size has its own superpower — his was fitting where big trucks could not.', 'Hari itu, Trucky belajar bahwa setiap ukuran punya kekuatannya sendiri — miliknya adalah bisa masuk ke tempat yang tak terjangkau truk besar.');
INSERT OR IGNORE INTO quiz_questions (id, book_id, sort_order, question_en, question_id, options_en_json, options_id_json, correct_index, xp_reward) VALUES ('qz_trucky-the-brave-fire-truck_1', 'bok_trucky-the-brave-fire-truck', 1, 'What was Trucky worried about?', 'Apa yang dikhawatirkan Trucky?', '["Being too loud","Being too small to help","Being too fast","Being too red"]', '["Terlalu berisik","Terlalu kecil untuk membantu","Terlalu cepat","Terlalu merah"]', 1, 10);
INSERT OR IGNORE INTO quiz_questions (id, book_id, sort_order, question_en, question_id, options_en_json, options_id_json, correct_index, xp_reward) VALUES ('qz_trucky-the-brave-fire-truck_2', 'bok_trucky-the-brave-fire-truck', 2, 'Who needed rescuing in the drainpipe?', 'Siapa yang perlu diselamatkan di pipa saluran?', '["A kitten","A puppy","A bird","A ball"]', '["Seekor kucing","Seekor anjing","Seekor burung","Sebuah bola"]', 0, 10);
INSERT OR IGNORE INTO quiz_questions (id, book_id, sort_order, question_en, question_id, options_en_json, options_id_json, correct_index, xp_reward) VALUES ('qz_trucky-the-brave-fire-truck_3', 'bok_trucky-the-brave-fire-truck', 3, 'What did Trucky learn about his size?', 'Apa yang dipelajari Trucky tentang ukurannya?', '["Small size has its own superpower","He should become bigger","Size does not matter at all","Only big trucks can help"]', '["Ukuran kecil punya kekuatannya sendiri","Ia harus menjadi lebih besar","Ukuran sama sekali tidak penting","Hanya truk besar yang bisa membantu"]', 0, 10);

INSERT OR IGNORE INTO books (id, slug, title_en, title_id, description_en, description_id, category_id, author_id, cover_palette, cover_emoji, age_min, age_max, is_premium, status, page_count, read_count, created_at, updated_at) VALUES ('bok_the-drum-that-traveled-the-world', 'the-drum-that-traveled-the-world', 'The Drum That Traveled the World', 'Gendang yang Berkeliling Dunia', 'A magical drum passes from child to child around the world, teaching that music speaks every language.', 'Sebuah gendang ajaib berpindah dari satu anak ke anak lain di seluruh dunia, mengajarkan bahwa musik bisa dimengerti semua orang.', 'cat_world-cultures', 'aut_siti-aminah', 'meadow', '🥁', 4, 9, 0, 'published', 6, 1296, 1784514532774, 1784514532774);
INSERT OR IGNORE INTO book_pages (id, book_id, page_number, illustration_seed, text_en, text_id) VALUES ('pag_the-drum-that-traveled-the-world_1', 'bok_the-drum-that-traveled-the-world', 1, 'drum-1', 'In a village by the mountains, a boy named Bayu carved a small wooden drum from a fallen branch.', 'Di sebuah desa dekat pegunungan, seorang anak bernama Bayu mengukir gendang kecil dari kayu dahan yang jatuh.');
INSERT OR IGNORE INTO book_pages (id, book_id, page_number, illustration_seed, text_en, text_id) VALUES ('pag_the-drum-that-traveled-the-world_2', 'bok_the-drum-that-traveled-the-world', 2, 'drum-2', 'He played a joyful beat, and the sound traveled on the wind, over oceans, to a girl in West Africa.', 'Ia memainkan irama gembira, dan suaranya terbawa angin, melintasi lautan, hingga ke seorang gadis di Afrika Barat.');
INSERT OR IGNORE INTO book_pages (id, book_id, page_number, illustration_seed, text_en, text_id) VALUES ('pag_the-drum-that-traveled-the-world_3', 'bok_the-drum-that-traveled-the-world', 3, 'drum-3', 'She answered with her own rhythm on a talking drum, and children in Brazil began to dance to it.', 'Ia membalas dengan iramanya sendiri di gendang berbicara, dan anak-anak di Brasil mulai menari mengikutinya.');
INSERT OR IGNORE INTO book_pages (id, book_id, page_number, illustration_seed, text_en, text_id) VALUES ('pag_the-drum-that-traveled-the-world_4', 'bok_the-drum-that-traveled-the-world', 4, 'drum-4', 'From Brazil, the beat reached Japan, where a boy added the tap of his taiko drum to the song.', 'Dari Brasil, irama itu sampai ke Jepang, tempat seorang anak menambahkan ketukan taiko-nya ke lagu tersebut.');
INSERT OR IGNORE INTO book_pages (id, book_id, page_number, illustration_seed, text_en, text_id) VALUES ('pag_the-drum-that-traveled-the-world_5', 'bok_the-drum-that-traveled-the-world', 5, 'drum-5', 'One by one, children from every corner of the world joined in, each adding their own special rhythm.', 'Satu per satu, anak-anak dari setiap penjuru dunia ikut bergabung, masing-masing menambahkan irama khas mereka.');
INSERT OR IGNORE INTO book_pages (id, book_id, page_number, illustration_seed, text_en, text_id) VALUES ('pag_the-drum-that-traveled-the-world_6', 'bok_the-drum-that-traveled-the-world', 6, 'drum-6', 'Though none of them spoke the same words, together they made one beautiful song everyone understood.', 'Meski tak satu pun berbicara bahasa yang sama, bersama-sama mereka menciptakan satu lagu indah yang dimengerti semua orang.');
INSERT OR IGNORE INTO quiz_questions (id, book_id, sort_order, question_en, question_id, options_en_json, options_id_json, correct_index, xp_reward) VALUES ('qz_the-drum-that-traveled-the-world_1', 'bok_the-drum-that-traveled-the-world', 1, 'What did Bayu make the drum from?', 'Dari apa Bayu membuat gendangnya?', '["Metal","A fallen branch","Plastic","Stone"]', '["Logam","Dahan yang jatuh","Plastik","Batu"]', 1, 10);
INSERT OR IGNORE INTO quiz_questions (id, book_id, sort_order, question_en, question_id, options_en_json, options_id_json, correct_index, xp_reward) VALUES ('qz_the-drum-that-traveled-the-world_2', 'bok_the-drum-that-traveled-the-world', 2, 'Which country did the rhythm travel to first?', 'Ke negara mana irama itu pertama kali sampai?', '["Japan","West Africa","Brazil","Indonesia"]', '["Jepang","Afrika Barat","Brasil","Indonesia"]', 1, 10);
INSERT OR IGNORE INTO quiz_questions (id, book_id, sort_order, question_en, question_id, options_en_json, options_id_json, correct_index, xp_reward) VALUES ('qz_the-drum-that-traveled-the-world_3', 'bok_the-drum-that-traveled-the-world', 3, 'What is the message of the story?', 'Apa pesan dari cerita ini?', '["Only one country can make music","Music can be understood across every language","Drums are difficult to play","Children should not share instruments"]', '["Hanya satu negara yang bisa membuat musik","Musik bisa dimengerti melintasi semua bahasa","Gendang sulit dimainkan","Anak-anak tidak boleh berbagi alat musik"]', 1, 10);

INSERT OR IGNORE INTO books (id, slug, title_en, title_id, description_en, description_id, category_id, author_id, cover_palette, cover_emoji, age_min, age_max, is_premium, status, page_count, read_count, created_at, updated_at) VALUES ('bok_the-sneezing-elephant', 'the-sneezing-elephant', 'The Sneezing Elephant', 'Gajah yang Bersin', 'A silly, giant sneeze causes a chain of giggles across the savanna in this gentle story about laughing together.', 'Sebuah bersin raksasa yang konyol memicu deretan tawa di seluruh savana dalam cerita hangat tentang tertawa bersama.', 'cat_humor', 'aut_axto-creative-team', 'sunrise', '🐘', 2, 6, 0, 'published', 6, 478, 1784514532774, 1784514532774);
INSERT OR IGNORE INTO book_pages (id, book_id, page_number, illustration_seed, text_en, text_id) VALUES ('pag_the-sneezing-elephant_1', 'bok_the-sneezing-elephant', 1, 'elephant-1', 'Ellie the elephant felt a tickle in her big trunk. "Ah... ah... AH-CHOO!"', 'Ellie si gajah merasa geli di belalainya yang besar. "Hah... hah... HATCHIII!"');
INSERT OR IGNORE INTO book_pages (id, book_id, page_number, illustration_seed, text_en, text_id) VALUES ('pag_the-sneezing-elephant_2', 'bok_the-sneezing-elephant', 2, 'elephant-2', 'The sneeze was SO big that it blew all the leaves off the nearest tree in one gust!', 'Bersinnya begitu besar sehingga menerbangkan semua daun dari pohon terdekat dalam sekali hembusan!');
INSERT OR IGNORE INTO book_pages (id, book_id, page_number, illustration_seed, text_en, text_id) VALUES ('pag_the-sneezing-elephant_3', 'bok_the-sneezing-elephant', 3, 'elephant-3', 'A monkey fell off his branch laughing, which made a giraffe laugh so hard she got hiccups.', 'Seekor monyet jatuh dari dahannya karena tertawa, membuat seekor jerapah tertawa begitu keras sampai cegukan.');
INSERT OR IGNORE INTO book_pages (id, book_id, page_number, illustration_seed, text_en, text_id) VALUES ('pag_the-sneezing-elephant_4', 'bok_the-sneezing-elephant', 4, 'elephant-4', 'The giraffe''s "HIC! HIC!" made a family of zebras giggle so much they rolled in the dust.', '"HIK! HIK!" jerapah itu membuat sekeluarga zebra tertawa terpingkal-pingkal hingga berguling di tanah.');
INSERT OR IGNORE INTO book_pages (id, book_id, page_number, illustration_seed, text_en, text_id) VALUES ('pag_the-sneezing-elephant_5', 'bok_the-sneezing-elephant', 5, 'elephant-5', 'Soon the whole savanna was laughing together, though none of them quite remembered why anymore!', 'Tak lama, seluruh savana tertawa bersama, meski tak satu pun lagi ingat kenapa mereka mulai tertawa!');
INSERT OR IGNORE INTO book_pages (id, book_id, page_number, illustration_seed, text_en, text_id) VALUES ('pag_the-sneezing-elephant_6', 'bok_the-sneezing-elephant', 6, 'elephant-6', '"Bless you, Ellie," they all said at last, still smiling. One little sneeze had made everyone''s day brighter.', '"Semoga sehat, Ellie," kata mereka semua akhirnya, masih tersenyum. Satu bersin kecil membuat hari semua orang lebih cerah.');
INSERT OR IGNORE INTO quiz_questions (id, book_id, sort_order, question_en, question_id, options_en_json, options_id_json, correct_index, xp_reward) VALUES ('qz_the-sneezing-elephant_1', 'bok_the-sneezing-elephant', 1, 'What happened when Ellie sneezed?', 'Apa yang terjadi saat Ellie bersin?', '["Nothing happened","It blew leaves off a tree","It started raining","All the animals ran away"]', '["Tidak ada yang terjadi","Menerbangkan daun dari pohon","Mulai hujan","Semua hewan lari"]', 1, 10);
INSERT OR IGNORE INTO quiz_questions (id, book_id, sort_order, question_en, question_id, options_en_json, options_id_json, correct_index, xp_reward) VALUES ('qz_the-sneezing-elephant_2', 'bok_the-sneezing-elephant', 2, 'What happened to the giraffe?', 'Apa yang terjadi pada jerapah?', '["She got hiccups from laughing","She fell asleep","She sneezed too","She got scared"]', '["Ia cegukan karena tertawa","Ia tertidur","Ia juga bersin","Ia ketakutan"]', 0, 10);
INSERT OR IGNORE INTO quiz_questions (id, book_id, sort_order, question_en, question_id, options_en_json, options_id_json, correct_index, xp_reward) VALUES ('qz_the-sneezing-elephant_3', 'bok_the-sneezing-elephant', 3, 'What is this story mainly about?', 'Cerita ini terutama tentang apa?', '["A scary storm","A funny chain reaction of laughter","A dangerous adventure","A sad goodbye"]', '["Badai yang menakutkan","Reaksi berantai tawa yang lucu","Petualangan berbahaya","Perpisahan yang sedih"]', 1, 10);

INSERT OR IGNORE INTO books (id, slug, title_en, title_id, description_en, description_id, category_id, author_id, cover_palette, cover_emoji, age_min, age_max, is_premium, status, page_count, read_count, created_at, updated_at) VALUES ('bok_ellies-alphabet-adventure', 'ellies-alphabet-adventure', 'Ellie''s Alphabet Adventure', 'Petualangan Abjad Ellie', 'Ellie meets a shy letter who is scared to appear in words, and helps it find its courage.', 'Ellie bertemu sebuah huruf pemalu yang takut muncul di dalam kata, dan membantunya menemukan keberanian.', 'cat_alphabet', 'aut_axto-creative-team', 'candy', '🔤', 2, 5, 0, 'published', 6, 1006, 1784514532774, 1784514532774);
INSERT OR IGNORE INTO book_pages (id, book_id, page_number, illustration_seed, text_en, text_id) VALUES ('pag_ellies-alphabet-adventure_1', 'bok_ellies-alphabet-adventure', 1, 'alphabet-1', 'Ellie loved singing the alphabet every morning. A, B, C, all the way to Z!', 'Ellie suka menyanyikan lagu abjad setiap pagi. A, B, C, sampai ke Z!');
INSERT OR IGNORE INTO book_pages (id, book_id, page_number, illustration_seed, text_en, text_id) VALUES ('pag_ellies-alphabet-adventure_2', 'bok_ellies-alphabet-adventure', 2, 'alphabet-2', 'One day, she noticed the letter Q hiding behind a big book, looking very shy.', 'Suatu hari, ia melihat huruf Q bersembunyi di balik buku besar, terlihat sangat pemalu.');
INSERT OR IGNORE INTO book_pages (id, book_id, page_number, illustration_seed, text_en, text_id) VALUES ('pag_ellies-alphabet-adventure_3', 'bok_ellies-alphabet-adventure', 3, 'alphabet-3', '"Why are you hiding?" Ellie asked. Q whispered, "I don''t show up in as many words as the other letters."', '"Kenapa kamu sembunyi?" tanya Ellie. Q berbisik, "Aku tidak muncul di banyak kata seperti huruf lain."');
INSERT OR IGNORE INTO book_pages (id, book_id, page_number, illustration_seed, text_en, text_id) VALUES ('pag_ellies-alphabet-adventure_4', 'bok_ellies-alphabet-adventure', 4, 'alphabet-4', 'Ellie smiled. "But you make wonderful words like queen, quiet, and quilt!" she said.', 'Ellie tersenyum. "Tapi kamu membuat kata-kata hebat seperti queen, quiet, dan quilt!" katanya.');
INSERT OR IGNORE INTO book_pages (id, book_id, page_number, illustration_seed, text_en, text_id) VALUES ('pag_ellies-alphabet-adventure_5', 'bok_ellies-alphabet-adventure', 5, 'alphabet-5', 'Together they found five words that needed Q, and Q felt proud for the very first time.', 'Bersama-sama mereka menemukan lima kata yang butuh Q, dan Q merasa bangga untuk pertama kalinya.');
INSERT OR IGNORE INTO book_pages (id, book_id, page_number, illustration_seed, text_en, text_id) VALUES ('pag_ellies-alphabet-adventure_6', 'bok_ellies-alphabet-adventure', 6, 'alphabet-6', 'From that day, Q always stood tall in the alphabet parade, right between P and R.', 'Sejak hari itu, Q selalu berdiri tegak di barisan abjad, tepat di antara P dan R.');
INSERT OR IGNORE INTO quiz_questions (id, book_id, sort_order, question_en, question_id, options_en_json, options_id_json, correct_index, xp_reward) VALUES ('qz_ellies-alphabet-adventure_1', 'bok_ellies-alphabet-adventure', 1, 'Which letter was hiding?', 'Huruf apa yang bersembunyi?', '["A","Q","Z","M"]', '["A","Q","Z","M"]', 1, 10);
INSERT OR IGNORE INTO quiz_questions (id, book_id, sort_order, question_en, question_id, options_en_json, options_id_json, correct_index, xp_reward) VALUES ('qz_ellies-alphabet-adventure_2', 'bok_ellies-alphabet-adventure', 2, 'Why was the letter shy?', 'Kenapa huruf itu pemalu?', '["It was too loud","It was in fewer words than others","It was upside down","It was too big"]', '["Terlalu keras","Muncul di lebih sedikit kata","Terbalik","Terlalu besar"]', 1, 10);
INSERT OR IGNORE INTO quiz_questions (id, book_id, sort_order, question_en, question_id, options_en_json, options_id_json, correct_index, xp_reward) VALUES ('qz_ellies-alphabet-adventure_3', 'bok_ellies-alphabet-adventure', 3, 'How did Ellie help?', 'Bagaimana Ellie membantu?', '["She ignored it","She found words that use it","She erased it","She hid too"]', '["Mengabaikannya","Mencari kata yang memakainya","Menghapusnya","Ikut bersembunyi"]', 1, 10);

INSERT OR IGNORE INTO books (id, slug, title_en, title_id, description_en, description_id, category_id, author_id, cover_palette, cover_emoji, age_min, age_max, is_premium, status, page_count, read_count, created_at, updated_at) VALUES ('bok_a-day-with-grandma', 'a-day-with-grandma', 'A Day With Grandma', 'Sehari Bersama Nenek', 'A little girl spends a warm afternoon learning her grandmother''s favorite recipe and stories.', 'Seorang gadis kecil menghabiskan sore yang hangat belajar resep dan cerita favorit neneknya.', 'cat_family', 'aut_siti-aminah', 'sunrise', '👵', 3, 7, 0, 'published', 6, 1946, 1784514532774, 1784514532774);
INSERT OR IGNORE INTO book_pages (id, book_id, page_number, illustration_seed, text_en, text_id) VALUES ('pag_a-day-with-grandma_1', 'bok_a-day-with-grandma', 1, 'family-1', 'Every Sunday, Nadia visited her grandmother''s little house at the end of the street.', 'Setiap hari Minggu, Nadia mengunjungi rumah kecil neneknya di ujung jalan.');
INSERT OR IGNORE INTO book_pages (id, book_id, page_number, illustration_seed, text_en, text_id) VALUES ('pag_a-day-with-grandma_2', 'bok_a-day-with-grandma', 2, 'family-2', 'Grandma always smelled like cinnamon and warm bread. "Come help me cook," she said with a smile.', 'Nenek selalu berbau kayu manis dan roti hangat. "Ayo bantu Nenek memasak," katanya sambil tersenyum.');
INSERT OR IGNORE INTO book_pages (id, book_id, page_number, illustration_seed, text_en, text_id) VALUES ('pag_a-day-with-grandma_3', 'bok_a-day-with-grandma', 3, 'family-3', 'They mixed flour, sugar, and a secret ingredient Grandma would only whisper: a pinch of love.', 'Mereka mengaduk tepung, gula, dan bahan rahasia yang hanya dibisikkan Nenek: sejumput cinta.');
INSERT OR IGNORE INTO book_pages (id, book_id, page_number, illustration_seed, text_en, text_id) VALUES ('pag_a-day-with-grandma_4', 'bok_a-day-with-grandma', 4, 'family-4', 'While the cookies baked, Grandma told stories about when she was a little girl, just like Nadia.', 'Sambil kue dipanggang, Nenek bercerita tentang masa kecilnya, sama seperti Nadia sekarang.');
INSERT OR IGNORE INTO book_pages (id, book_id, page_number, illustration_seed, text_en, text_id) VALUES ('pag_a-day-with-grandma_5', 'bok_a-day-with-grandma', 5, 'family-5', 'When the cookies were ready, they shared them with the whole family at the dinner table.', 'Ketika kue matang, mereka membagikannya untuk seluruh keluarga di meja makan.');
INSERT OR IGNORE INTO book_pages (id, book_id, page_number, illustration_seed, text_en, text_id) VALUES ('pag_a-day-with-grandma_6', 'bok_a-day-with-grandma', 6, 'family-6', 'Nadia hugged Grandma tight. "Family is the warmest place in the world," she thought.', 'Nadia memeluk Nenek erat. "Keluarga adalah tempat paling hangat di dunia," pikirnya.');
INSERT OR IGNORE INTO quiz_questions (id, book_id, sort_order, question_en, question_id, options_en_json, options_id_json, correct_index, xp_reward) VALUES ('qz_a-day-with-grandma_1', 'bok_a-day-with-grandma', 1, 'What day did Nadia visit Grandma?', 'Hari apa Nadia mengunjungi Nenek?', '["Monday","Sunday","Friday","Saturday"]', '["Senin","Minggu","Jumat","Sabtu"]', 1, 10);
INSERT OR IGNORE INTO quiz_questions (id, book_id, sort_order, question_en, question_id, options_en_json, options_id_json, correct_index, xp_reward) VALUES ('qz_a-day-with-grandma_2', 'bok_a-day-with-grandma', 2, 'What was Grandma''s secret ingredient?', 'Apa bahan rahasia Nenek?', '["Salt","A pinch of love","Extra sugar","Chocolate"]', '["Garam","Sejumput cinta","Gula ekstra","Cokelat"]', 1, 10);
INSERT OR IGNORE INTO quiz_questions (id, book_id, sort_order, question_en, question_id, options_en_json, options_id_json, correct_index, xp_reward) VALUES ('qz_a-day-with-grandma_3', 'bok_a-day-with-grandma', 3, 'What did they do while the cookies baked?', 'Apa yang mereka lakukan sambil kue dipanggang?', '["Watched TV","Told stories","Went shopping","Took a nap"]', '["Menonton TV","Bercerita","Berbelanja","Tidur siang"]', 1, 10);

INSERT OR IGNORE INTO books (id, slug, title_en, title_id, description_en, description_id, category_id, author_id, cover_palette, cover_emoji, age_min, age_max, is_premium, status, page_count, read_count, created_at, updated_at) VALUES ('bok_milos-big-feelings', 'milos-big-feelings', 'Milo and His Big Feelings', 'Milo dan Perasaan Besarnya', 'Milo learns that it''s okay to feel angry, sad, or scared, as long as he knows how to talk about it.', 'Milo belajar bahwa tidak apa-apa merasa marah, sedih, atau takut, selama ia tahu cara membicarakannya.', 'cat_emotions', 'aut_sarah-johnson', 'meadow', '😊', 3, 7, 0, 'published', 6, 869, 1784514532774, 1784514532774);
INSERT OR IGNORE INTO book_pages (id, book_id, page_number, illustration_seed, text_en, text_id) VALUES ('pag_milos-big-feelings_1', 'bok_milos-big-feelings', 1, 'emotions-1', 'Milo''s tower of blocks fell down with a crash. His face turned red and hot.', 'Menara balok Milo runtuh dengan suara keras. Wajahnya memerah dan panas.');
INSERT OR IGNORE INTO book_pages (id, book_id, page_number, illustration_seed, text_en, text_id) VALUES ('pag_milos-big-feelings_2', 'bok_milos-big-feelings', 2, 'emotions-2', '"I feel like yelling!" Milo said. His mom sat beside him. "That''s okay. That feeling is called anger."', '"Aku ingin berteriak!" kata Milo. Ibunya duduk di sampingnya. "Tidak apa-apa. Perasaan itu namanya marah."');
INSERT OR IGNORE INTO book_pages (id, book_id, page_number, illustration_seed, text_en, text_id) VALUES ('pag_milos-big-feelings_3', 'bok_milos-big-feelings', 3, 'emotions-3', '"You can feel angry, but we don''t throw things. Let''s take a deep breath together," said Mom.', '"Kamu boleh merasa marah, tapi kita tidak melempar barang. Yuk tarik napas dalam-dalam bersama," kata Ibu.');
INSERT OR IGNORE INTO book_pages (id, book_id, page_number, illustration_seed, text_en, text_id) VALUES ('pag_milos-big-feelings_4', 'bok_milos-big-feelings', 4, 'emotions-4', 'Milo breathed in slowly, then out slowly. The hot feeling started to cool down.', 'Milo menarik napas perlahan, lalu menghembuskannya perlahan. Rasa panas itu mulai mereda.');
INSERT OR IGNORE INTO book_pages (id, book_id, page_number, illustration_seed, text_en, text_id) VALUES ('pag_milos-big-feelings_5', 'bok_milos-big-feelings', 5, 'emotions-5', '"Now let''s build the tower again, together," Mom said. Milo smiled a little.', '"Sekarang ayo bangun menaranya lagi, bersama-sama," kata Ibu. Milo tersenyum sedikit.');
INSERT OR IGNORE INTO book_pages (id, book_id, page_number, illustration_seed, text_en, text_id) VALUES ('pag_milos-big-feelings_6', 'bok_milos-big-feelings', 6, 'emotions-6', 'Milo learned that every feeling has a name, and every feeling can be talked about.', 'Milo belajar bahwa setiap perasaan punya nama, dan setiap perasaan bisa dibicarakan.');
INSERT OR IGNORE INTO quiz_questions (id, book_id, sort_order, question_en, question_id, options_en_json, options_id_json, correct_index, xp_reward) VALUES ('qz_milos-big-feelings_1', 'bok_milos-big-feelings', 1, 'Why did Milo feel upset?', 'Kenapa Milo merasa kesal?', '["He lost a toy","His tower fell down","He was hungry","He was tired"]', '["Kehilangan mainan","Menaranya runtuh","Lapar","Mengantuk"]', 1, 10);
INSERT OR IGNORE INTO quiz_questions (id, book_id, sort_order, question_en, question_id, options_en_json, options_id_json, correct_index, xp_reward) VALUES ('qz_milos-big-feelings_2', 'bok_milos-big-feelings', 2, 'What helped Milo feel calmer?', 'Apa yang membuat Milo lebih tenang?', '["Throwing blocks","Taking deep breaths","Yelling louder","Running away"]', '["Melempar balok","Menarik napas dalam","Berteriak lebih keras","Lari"]', 1, 10);
INSERT OR IGNORE INTO quiz_questions (id, book_id, sort_order, question_en, question_id, options_en_json, options_id_json, correct_index, xp_reward) VALUES ('qz_milos-big-feelings_3', 'bok_milos-big-feelings', 3, 'What is the name for the feeling Milo had?', 'Apa nama perasaan yang dirasakan Milo?', '["Happiness","Anger","Sleepiness","Hunger"]', '["Bahagia","Marah","Ngantuk","Lapar"]', 1, 10);

INSERT OR IGNORE INTO books (id, slug, title_en, title_id, description_en, description_id, category_id, author_id, cover_palette, cover_emoji, age_min, age_max, is_premium, status, page_count, read_count, created_at, updated_at) VALUES ('bok_the-whispering-wand', 'the-whispering-wand', 'The Whispering Wand', 'Tongkat yang Berbisik', 'A young girl finds a wand that only grants wishes that help others, teaching her real magic is kindness.', 'Seorang gadis kecil menemukan tongkat yang hanya mengabulkan permintaan untuk menolong orang lain.', 'cat_fantasy', 'aut_axto-creative-team', 'cosmic', '🪄', 5, 9, 0, 'published', 6, 1032, 1784514532774, 1784514532774);
INSERT OR IGNORE INTO book_pages (id, book_id, page_number, illustration_seed, text_en, text_id) VALUES ('pag_the-whispering-wand_1', 'bok_the-whispering-wand', 1, 'fantasy-1', 'Deep in the Whisper Woods, Lira found a wand glowing softly beneath a silver leaf.', 'Jauh di dalam Hutan Bisikan, Lira menemukan tongkat yang bersinar lembut di bawah daun perak.');
INSERT OR IGNORE INTO book_pages (id, book_id, page_number, illustration_seed, text_en, text_id) VALUES ('pag_the-whispering-wand_2', 'bok_the-whispering-wand', 2, 'fantasy-2', 'She waved it and wished for a mountain of candy — but nothing happened at all.', 'Ia mengayunkannya dan berharap gunung permen muncul — tapi tidak terjadi apa-apa.');
INSERT OR IGNORE INTO book_pages (id, book_id, page_number, illustration_seed, text_en, text_id) VALUES ('pag_the-whispering-wand_3', 'bok_the-whispering-wand', 3, 'fantasy-3', 'A tiny voice giggled from the wand. "I only grant wishes that help someone else," it said.', 'Suara kecil terkekeh dari tongkat itu. "Aku hanya mengabulkan permintaan yang menolong orang lain," katanya.');
INSERT OR IGNORE INTO book_pages (id, book_id, page_number, illustration_seed, text_en, text_id) VALUES ('pag_the-whispering-wand_4', 'bok_the-whispering-wand', 4, 'fantasy-4', 'Lira thought of her neighbor, old Mr. Yusuf, whose garden had wilted in the summer heat.', 'Lira teringat tetangganya, Pak Yusuf, yang kebunnya layu karena panas musim kemarau.');
INSERT OR IGNORE INTO book_pages (id, book_id, page_number, illustration_seed, text_en, text_id) VALUES ('pag_the-whispering-wand_5', 'bok_the-whispering-wand', 5, 'fantasy-5', 'She wished for rain for his garden. The wand glowed bright, and soft rain fell that very night.', 'Ia berharap hujan turun untuk kebun itu. Tongkat itu bersinar terang, dan hujan lembut turun malam itu juga.');
INSERT OR IGNORE INTO book_pages (id, book_id, page_number, illustration_seed, text_en, text_id) VALUES ('pag_the-whispering-wand_6', 'bok_the-whispering-wand', 6, 'fantasy-6', 'The next morning, Mr. Yusuf''s flowers bloomed again. Lira realized real magic was kindness.', 'Keesokan paginya, bunga-bunga Pak Yusuf mekar kembali. Lira sadar bahwa sihir sejati adalah kebaikan.');
INSERT OR IGNORE INTO quiz_questions (id, book_id, sort_order, question_en, question_id, options_en_json, options_id_json, correct_index, xp_reward) VALUES ('qz_the-whispering-wand_1', 'bok_the-whispering-wand', 1, 'What kind of wish did the wand grant?', 'Permintaan seperti apa yang dikabulkan tongkat itu?', '["Wishes for candy","Wishes that help someone else","Wishes for toys","Any wish at all"]', '["Permen","Yang menolong orang lain","Mainan","Apa saja"]', 1, 10);
INSERT OR IGNORE INTO quiz_questions (id, book_id, sort_order, question_en, question_id, options_en_json, options_id_json, correct_index, xp_reward) VALUES ('qz_the-whispering-wand_2', 'bok_the-whispering-wand', 2, 'Who did Lira help?', 'Siapa yang ditolong Lira?', '["Her teacher","Mr. Yusuf","Her sister","A stranger"]', '["Gurunya","Pak Yusuf","Adiknya","Orang asing"]', 1, 10);
INSERT OR IGNORE INTO quiz_questions (id, book_id, sort_order, question_en, question_id, options_en_json, options_id_json, correct_index, xp_reward) VALUES ('qz_the-whispering-wand_3', 'bok_the-whispering-wand', 3, 'What did Lira learn in the end?', 'Apa yang dipelajari Lira pada akhirnya?', '["Wands are useless","Real magic is kindness","Candy is best","Rain is scary"]', '["Tongkat tidak berguna","Sihir sejati adalah kebaikan","Permen paling enak","Hujan menakutkan"]', 1, 10);

INSERT OR IGNORE INTO books (id, slug, title_en, title_id, description_en, description_id, category_id, author_id, cover_palette, cover_emoji, age_min, age_max, is_premium, status, page_count, read_count, created_at, updated_at) VALUES ('bok_the-case-of-the-missing-cookies', 'the-case-of-the-missing-cookies', 'The Case of the Missing Cookies', 'Kasus Kue Kering yang Hilang', 'Detective Nina uses clues, not accusations, to solve the mystery of the empty cookie jar.', 'Detektif Nina menggunakan petunjuk, bukan tuduhan, untuk memecahkan misteri toples kue yang kosong.', 'cat_mystery', 'aut_david-lee', 'dusk', '🔍', 5, 9, 0, 'published', 6, 1703, 1784514532774, 1784514532774);
INSERT OR IGNORE INTO book_pages (id, book_id, page_number, illustration_seed, text_en, text_id) VALUES ('pag_the-case-of-the-missing-cookies_1', 'bok_the-case-of-the-missing-cookies', 1, 'mystery-1', 'The cookie jar was empty! Nina put on her detective hat and grabbed her magnifying glass.', 'Toples kue itu kosong! Nina memakai topi detektifnya dan mengambil kaca pembesar.');
INSERT OR IGNORE INTO book_pages (id, book_id, page_number, illustration_seed, text_en, text_id) VALUES ('pag_the-case-of-the-missing-cookies_2', 'bok_the-case-of-the-missing-cookies', 2, 'mystery-2', 'Clue one: crumbs led from the kitchen counter across the floor toward the living room.', 'Petunjuk pertama: remah-remah kue mengarah dari meja dapur ke ruang tamu.');
INSERT OR IGNORE INTO book_pages (id, book_id, page_number, illustration_seed, text_en, text_id) VALUES ('pag_the-case-of-the-missing-cookies_3', 'bok_the-case-of-the-missing-cookies', 3, 'mystery-3', 'Clue two: a small paw print was pressed into a smear of chocolate on the rug.', 'Petunjuk kedua: jejak kaki kecil tercetak di noda cokelat di atas karpet.');
INSERT OR IGNORE INTO book_pages (id, book_id, page_number, illustration_seed, text_en, text_id) VALUES ('pag_the-case-of-the-missing-cookies_4', 'bok_the-case-of-the-missing-cookies', 4, 'mystery-4', 'Nina followed the trail behind the couch, where she found her dog Max fast asleep, crumbs on his nose.', 'Nina mengikuti jejak itu ke belakang sofa, dan menemukan anjingnya Max tertidur pulas, remah di hidungnya.');
INSERT OR IGNORE INTO book_pages (id, book_id, page_number, illustration_seed, text_en, text_id) VALUES ('pag_the-case-of-the-missing-cookies_5', 'bok_the-case-of-the-missing-cookies', 5, 'mystery-5', '"Case closed!" Nina laughed. "Max, you''re a cookie thief, but I still love you."', '"Kasus selesai!" Nina tertawa. "Max, kamu pencuri kue, tapi aku tetap sayang kamu."');
INSERT OR IGNORE INTO book_pages (id, book_id, page_number, illustration_seed, text_en, text_id) VALUES ('pag_the-case-of-the-missing-cookies_6', 'bok_the-case-of-the-missing-cookies', 6, 'mystery-6', 'From then on, Nina always kept the cookie jar somewhere Max''s nose couldn''t reach.', 'Sejak itu, Nina selalu menyimpan toples kue di tempat yang tidak terjangkau hidung Max.');
INSERT OR IGNORE INTO quiz_questions (id, book_id, sort_order, question_en, question_id, options_en_json, options_id_json, correct_index, xp_reward) VALUES ('qz_the-case-of-the-missing-cookies_1', 'bok_the-case-of-the-missing-cookies', 1, 'What tool did Nina use?', 'Alat apa yang digunakan Nina?', '["A telescope","A magnifying glass","A flashlight","A camera"]', '["Teropong","Kaca pembesar","Senter","Kamera"]', 1, 10);
INSERT OR IGNORE INTO quiz_questions (id, book_id, sort_order, question_en, question_id, options_en_json, options_id_json, correct_index, xp_reward) VALUES ('qz_the-case-of-the-missing-cookies_2', 'bok_the-case-of-the-missing-cookies', 2, 'Who ate the cookies?', 'Siapa yang memakan kue itu?', '["Her brother","Her dog Max","A neighbor","Nobody"]', '["Kakaknya","Anjingnya Max","Tetangga","Tidak ada yang makan"]', 1, 10);
INSERT OR IGNORE INTO quiz_questions (id, book_id, sort_order, question_en, question_id, options_en_json, options_id_json, correct_index, xp_reward) VALUES ('qz_the-case-of-the-missing-cookies_3', 'bok_the-case-of-the-missing-cookies', 3, 'What clue was on the rug?', 'Petunjuk apa yang ada di karpet?', '["A footprint","A paw print in chocolate","A torn paper","A missing shoe"]', '["Jejak kaki manusia","Jejak kaki dengan cokelat","Kertas sobek","Sepatu hilang"]', 1, 10);

INSERT OR IGNORE INTO books (id, slug, title_en, title_id, description_en, description_id, category_id, author_id, cover_palette, cover_emoji, age_min, age_max, is_premium, status, page_count, read_count, created_at, updated_at) VALUES ('bok_captain-nanos-treasure-map', 'captain-nanos-treasure-map', 'Captain Nano''s Treasure Map', 'Peta Harta Karun Kapten Nano', 'A young pirate learns that the greatest treasure on the island is the friends who sailed with her.', 'Seorang bajak laut kecil belajar bahwa harta terbesar di pulau itu adalah teman-teman seperjalanannya.', 'cat_pirates', 'aut_axto-creative-team', 'ocean', '🏴‍☠️', 4, 8, 0, 'published', 6, 4933, 1784514532774, 1784514532774);
INSERT OR IGNORE INTO book_pages (id, book_id, page_number, illustration_seed, text_en, text_id) VALUES ('pag_captain-nanos-treasure-map_1', 'bok_captain-nanos-treasure-map', 1, 'pirates-1', 'Captain Nano and her crew found an old map hidden inside a bottle on the beach.', 'Kapten Nano dan awaknya menemukan peta tua tersembunyi di dalam botol di pantai.');
INSERT OR IGNORE INTO book_pages (id, book_id, page_number, illustration_seed, text_en, text_id) VALUES ('pag_captain-nanos-treasure-map_2', 'bok_captain-nanos-treasure-map', 2, 'pirates-2', 'The map showed an X on Coconut Island, three days of sailing across the Blue Sea.', 'Peta itu menunjukkan tanda X di Pulau Kelapa, tiga hari berlayar melintasi Laut Biru.');
INSERT OR IGNORE INTO book_pages (id, book_id, page_number, illustration_seed, text_en, text_id) VALUES ('pag_captain-nanos-treasure-map_3', 'bok_captain-nanos-treasure-map', 3, 'pirates-3', 'Along the way, a storm rocked their little ship, but the crew worked together to steer it safely.', 'Di tengah jalan, badai mengguncang kapal kecil mereka, tapi awak kapal bekerja sama untuk mengemudikannya dengan selamat.');
INSERT OR IGNORE INTO book_pages (id, book_id, page_number, illustration_seed, text_en, text_id) VALUES ('pag_captain-nanos-treasure-map_4', 'bok_captain-nanos-treasure-map', 4, 'pirates-4', 'When they finally dug at the X, they found only a small wooden box with an old note inside.', 'Ketika akhirnya mereka menggali di tanda X, mereka hanya menemukan kotak kayu kecil berisi catatan tua.');
INSERT OR IGNORE INTO book_pages (id, book_id, page_number, illustration_seed, text_en, text_id) VALUES ('pag_captain-nanos-treasure-map_5', 'bok_captain-nanos-treasure-map', 5, 'pirates-5', 'The note read: "The real treasure was the friends who sailed with you." Captain Nano smiled.', 'Catatan itu berbunyi: "Harta sesungguhnya adalah teman yang berlayar bersamamu." Kapten Nano tersenyum.');
INSERT OR IGNORE INTO book_pages (id, book_id, page_number, illustration_seed, text_en, text_id) VALUES ('pag_captain-nanos-treasure-map_6', 'bok_captain-nanos-treasure-map', 6, 'pirates-6', 'They sailed home laughing, already planning their next adventure together.', 'Mereka berlayar pulang sambil tertawa, sudah merencanakan petualangan berikutnya bersama.');
INSERT OR IGNORE INTO quiz_questions (id, book_id, sort_order, question_en, question_id, options_en_json, options_id_json, correct_index, xp_reward) VALUES ('qz_captain-nanos-treasure-map_1', 'bok_captain-nanos-treasure-map', 1, 'Where did they find the map?', 'Di mana mereka menemukan peta itu?', '["In a bottle on the beach","In a cave","In a chest","In a book"]', '["Dalam botol di pantai","Dalam gua","Dalam peti","Dalam buku"]', 0, 10);
INSERT OR IGNORE INTO quiz_questions (id, book_id, sort_order, question_en, question_id, options_en_json, options_id_json, correct_index, xp_reward) VALUES ('qz_captain-nanos-treasure-map_2', 'bok_captain-nanos-treasure-map', 2, 'What happened during the journey?', 'Apa yang terjadi selama perjalanan?', '["They got lost forever","A storm rocked their ship","They found gold early","Nothing happened"]', '["Tersesat selamanya","Badai mengguncang kapal","Menemukan emas lebih awal","Tidak terjadi apa-apa"]', 1, 10);
INSERT OR IGNORE INTO quiz_questions (id, book_id, sort_order, question_en, question_id, options_en_json, options_id_json, correct_index, xp_reward) VALUES ('qz_captain-nanos-treasure-map_3', 'bok_captain-nanos-treasure-map', 3, 'What was the real treasure?', 'Apa harta yang sesungguhnya?', '["Gold coins","Friendship","A map","A ship"]', '["Koin emas","Persahabatan","Peta","Kapal"]', 1, 10);

INSERT OR IGNORE INTO books (id, slug, title_en, title_id, description_en, description_id, category_id, author_id, cover_palette, cover_emoji, age_min, age_max, is_premium, status, page_count, read_count, created_at, updated_at) VALUES ('bok_princess-rosa-and-the-kind-knight', 'princess-rosa-and-the-kind-knight', 'Princess Rosa and the Kind Knight', 'Putri Rosa dan Ksatria yang Baik Hati', 'Princess Rosa learns that true bravery is protecting others with kindness, not just a sword.', 'Putri Rosa belajar bahwa keberanian sejati adalah melindungi orang lain dengan kebaikan, bukan hanya pedang.', 'cat_princess-knights', 'aut_sarah-johnson', 'candy', '👑', 4, 8, 0, 'published', 6, 705, 1784514532774, 1784514532774);
INSERT OR IGNORE INTO book_pages (id, book_id, page_number, illustration_seed, text_en, text_id) VALUES ('pag_princess-rosa-and-the-kind-knight_1', 'bok_princess-rosa-and-the-kind-knight', 1, 'princess-1', 'In the Kingdom of Meadowlight, Princess Rosa wanted to become a knight more than anything.', 'Di Kerajaan Meadowlight, Putri Rosa sangat ingin menjadi seorang ksatria.');
INSERT OR IGNORE INTO book_pages (id, book_id, page_number, illustration_seed, text_en, text_id) VALUES ('pag_princess-rosa-and-the-kind-knight_2', 'bok_princess-rosa-and-the-kind-knight', 2, 'princess-2', 'She trained every day with Sir Callum, the gentlest knight in the castle.', 'Ia berlatih setiap hari bersama Sir Callum, ksatria paling lembut di istana.');
INSERT OR IGNORE INTO book_pages (id, book_id, page_number, illustration_seed, text_en, text_id) VALUES ('pag_princess-rosa-and-the-kind-knight_3', 'bok_princess-rosa-and-the-kind-knight', 3, 'princess-3', 'One day, a baby dragon got stuck in the castle well, crying for help.', 'Suatu hari, seekor bayi naga terjebak di sumur istana, menangis meminta tolong.');
INSERT OR IGNORE INTO book_pages (id, book_id, page_number, illustration_seed, text_en, text_id) VALUES ('pag_princess-rosa-and-the-kind-knight_4', 'bok_princess-rosa-and-the-kind-knight', 4, 'princess-4', 'Other knights wanted to chase it away, but Rosa knelt down and spoke to it softly.', 'Ksatria lain ingin mengusirnya, tapi Rosa berlutut dan berbicara dengan lembut padanya.');
INSERT OR IGNORE INTO book_pages (id, book_id, page_number, illustration_seed, text_en, text_id) VALUES ('pag_princess-rosa-and-the-kind-knight_5', 'bok_princess-rosa-and-the-kind-knight', 5, 'princess-5', 'The dragon calmed down and let Rosa gently guide it out of the well with a rope of flowers.', 'Naga itu tenang dan membiarkan Rosa menuntunnya keluar dari sumur dengan tali bunga.');
INSERT OR IGNORE INTO book_pages (id, book_id, page_number, illustration_seed, text_en, text_id) VALUES ('pag_princess-rosa-and-the-kind-knight_6', 'bok_princess-rosa-and-the-kind-knight', 6, 'princess-6', 'The whole kingdom cheered. Sir Callum said, "You are the bravest knight I know, Rosa."', 'Seluruh kerajaan bersorak. Sir Callum berkata, "Kamu ksatria paling berani yang kukenal, Rosa."');
INSERT OR IGNORE INTO quiz_questions (id, book_id, sort_order, question_en, question_id, options_en_json, options_id_json, correct_index, xp_reward) VALUES ('qz_princess-rosa-and-the-kind-knight_1', 'bok_princess-rosa-and-the-kind-knight', 1, 'Who trained Princess Rosa?', 'Siapa yang melatih Putri Rosa?', '["The King","Sir Callum","The dragon","Her sister"]', '["Sang Raja","Sir Callum","Sang naga","Kakaknya"]', 1, 10);
INSERT OR IGNORE INTO quiz_questions (id, book_id, sort_order, question_en, question_id, options_en_json, options_id_json, correct_index, xp_reward) VALUES ('qz_princess-rosa-and-the-kind-knight_2', 'bok_princess-rosa-and-the-kind-knight', 2, 'What was stuck in the well?', 'Apa yang terjebak di sumur?', '["A cat","A baby dragon","A bucket","A ball"]', '["Kucing","Bayi naga","Ember","Bola"]', 1, 10);
INSERT OR IGNORE INTO quiz_questions (id, book_id, sort_order, question_en, question_id, options_en_json, options_id_json, correct_index, xp_reward) VALUES ('qz_princess-rosa-and-the-kind-knight_3', 'bok_princess-rosa-and-the-kind-knight', 3, 'How did Rosa help the dragon?', 'Bagaimana Rosa menolong naga itu?', '["She scared it away","She spoke to it gently","She ignored it","She called guards to attack"]', '["Mengusirnya","Berbicara dengan lembut","Mengabaikannya","Memanggil penjaga untuk menyerang"]', 1, 10);

INSERT OR IGNORE INTO books (id, slug, title_en, title_id, description_en, description_id, category_id, author_id, cover_palette, cover_emoji, age_min, age_max, is_premium, status, page_count, read_count, created_at, updated_at) VALUES ('bok_bubbles-the-dolphins-new-friend', 'bubbles-the-dolphins-new-friend', 'Bubbles the Dolphin''s New Friend', 'Teman Baru Bubbles si Lumba-Lumba', 'A playful dolphin helps a lost baby turtle find its way back to its family in the reef.', 'Seekor lumba-lumba periang membantu bayi penyu yang tersesat kembali ke keluarganya di terumbu karang.', 'cat_ocean-life', 'aut_emily-clark', 'ocean', '🐬', 3, 7, 0, 'published', 6, 768, 1784514532774, 1784514532774);
INSERT OR IGNORE INTO book_pages (id, book_id, page_number, illustration_seed, text_en, text_id) VALUES ('pag_bubbles-the-dolphins-new-friend_1', 'bok_bubbles-the-dolphins-new-friend', 1, 'ocean-1', 'Bubbles the dolphin loved doing flips near the coral reef every morning.', 'Bubbles si lumba-lumba suka melompat-lompat dekat terumbu karang setiap pagi.');
INSERT OR IGNORE INTO book_pages (id, book_id, page_number, illustration_seed, text_en, text_id) VALUES ('pag_bubbles-the-dolphins-new-friend_2', 'bok_bubbles-the-dolphins-new-friend', 2, 'ocean-2', 'One day, she found a tiny turtle named Kiko, swimming alone and crying softly.', 'Suatu hari, ia menemukan penyu kecil bernama Kiko, berenang sendirian dan menangis pelan.');
INSERT OR IGNORE INTO book_pages (id, book_id, page_number, illustration_seed, text_en, text_id) VALUES ('pag_bubbles-the-dolphins-new-friend_3', 'bok_bubbles-the-dolphins-new-friend', 3, 'ocean-3', '"I got separated from my family during the current," Kiko said. Bubbles promised to help.', '"Aku terpisah dari keluargaku saat ada arus deras," kata Kiko. Bubbles berjanji akan membantu.');
INSERT OR IGNORE INTO book_pages (id, book_id, page_number, illustration_seed, text_en, text_id) VALUES ('pag_bubbles-the-dolphins-new-friend_4', 'bok_bubbles-the-dolphins-new-friend', 4, 'ocean-4', 'They swam past colorful fish and swaying seaweed, following the scent of Kiko''s home reef.', 'Mereka berenang melewati ikan-ikan warna-warni dan rumput laut yang bergoyang, mengikuti aroma terumbu rumah Kiko.');
INSERT OR IGNORE INTO book_pages (id, book_id, page_number, illustration_seed, text_en, text_id) VALUES ('pag_bubbles-the-dolphins-new-friend_5', 'bok_bubbles-the-dolphins-new-friend', 5, 'ocean-5', 'At last, they spotted Kiko''s family waiting anxiously near a big sea sponge.', 'Akhirnya, mereka melihat keluarga Kiko menunggu cemas dekat spons laut besar.');
INSERT OR IGNORE INTO book_pages (id, book_id, page_number, illustration_seed, text_en, text_id) VALUES ('pag_bubbles-the-dolphins-new-friend_6', 'bok_bubbles-the-dolphins-new-friend', 6, 'ocean-6', 'Kiko''s family thanked Bubbles with a happy underwater dance, and Bubbles had a new best friend.', 'Keluarga Kiko berterima kasih pada Bubbles dengan tarian bahagia di bawah air, dan Bubbles punya sahabat baru.');
INSERT OR IGNORE INTO quiz_questions (id, book_id, sort_order, question_en, question_id, options_en_json, options_id_json, correct_index, xp_reward) VALUES ('qz_bubbles-the-dolphins-new-friend_1', 'bok_bubbles-the-dolphins-new-friend', 1, 'What is the turtle''s name?', 'Siapa nama penyu itu?', '["Kiko","Bubbles","Rex","Fin"]', '["Kiko","Bubbles","Rex","Fin"]', 0, 10);
INSERT OR IGNORE INTO quiz_questions (id, book_id, sort_order, question_en, question_id, options_en_json, options_id_json, correct_index, xp_reward) VALUES ('qz_bubbles-the-dolphins-new-friend_2', 'bok_bubbles-the-dolphins-new-friend', 2, 'Why was Kiko alone?', 'Kenapa Kiko sendirian?', '["He was hiding","He got separated in the current","He ran away","He was sleeping"]', '["Bersembunyi","Terpisah karena arus","Kabur","Tidur"]', 1, 10);
INSERT OR IGNORE INTO quiz_questions (id, book_id, sort_order, question_en, question_id, options_en_json, options_id_json, correct_index, xp_reward) VALUES ('qz_bubbles-the-dolphins-new-friend_3', 'bok_bubbles-the-dolphins-new-friend', 3, 'How did the story end?', 'Bagaimana akhir ceritanya?', '["Kiko stayed lost","Kiko found his family","Bubbles got lost too","They never met again"]', '["Kiko tetap tersesat","Kiko menemukan keluarganya","Bubbles juga tersesat","Mereka tidak pernah bertemu lagi"]', 1, 10);

INSERT OR IGNORE INTO books (id, slug, title_en, title_id, description_en, description_id, category_id, author_id, cover_palette, cover_emoji, age_min, age_max, is_premium, status, page_count, read_count, created_at, updated_at) VALUES ('bok_zuri-and-the-lost-cub', 'zuri-and-the-lost-cub', 'Zuri and the Lost Cub', 'Zuri dan Anak Singa yang Tersesat', 'A young elephant helps a lost lion cub find its pride, learning that kindness has no borders.', 'Seekor anak gajah membantu anak singa yang tersesat menemukan kelompoknya, belajar bahwa kebaikan tak mengenal batas.', 'cat_jungle-safari', 'aut_axto-creative-team', 'meadow', '🦁', 4, 8, 0, 'published', 6, 3898, 1784514532774, 1784514532774);
INSERT OR IGNORE INTO book_pages (id, book_id, page_number, illustration_seed, text_en, text_id) VALUES ('pag_zuri-and-the-lost-cub_1', 'bok_zuri-and-the-lost-cub', 1, 'safari-1', 'Zuri the young elephant was drinking at the waterhole when she heard a tiny roar.', 'Zuri si anak gajah sedang minum di lubang air ketika ia mendengar auman kecil.');
INSERT OR IGNORE INTO book_pages (id, book_id, page_number, illustration_seed, text_en, text_id) VALUES ('pag_zuri-and-the-lost-cub_2', 'bok_zuri-and-the-lost-cub', 2, 'safari-2', 'A lion cub named Jabari was stuck between two rocks, too small to climb out alone.', 'Seekor anak singa bernama Jabari terjepit di antara dua batu, terlalu kecil untuk memanjat keluar sendiri.');
INSERT OR IGNORE INTO book_pages (id, book_id, page_number, illustration_seed, text_en, text_id) VALUES ('pag_zuri-and-the-lost-cub_3', 'bok_zuri-and-the-lost-cub', 3, 'safari-3', 'Even though lions and elephants usually kept their distance, Zuri gently lifted Jabari with her trunk.', 'Meski singa dan gajah biasanya menjaga jarak, Zuri dengan lembut mengangkat Jabari dengan belalainya.');
INSERT OR IGNORE INTO book_pages (id, book_id, page_number, illustration_seed, text_en, text_id) VALUES ('pag_zuri-and-the-lost-cub_4', 'bok_zuri-and-the-lost-cub', 4, 'safari-4', '"Thank you," Jabari said, shaking with fear. "I can''t find my pride anywhere."', '"Terima kasih," kata Jabari, gemetar ketakutan. "Aku tidak bisa menemukan kelompokku."');
INSERT OR IGNORE INTO book_pages (id, book_id, page_number, illustration_seed, text_en, text_id) VALUES ('pag_zuri-and-the-lost-cub_5', 'bok_zuri-and-the-lost-cub', 5, 'safari-5', 'Zuri used her long trunk to sniff the air and followed the scent all the way to the acacia trees.', 'Zuri menggunakan belalai panjangnya untuk mencium udara dan mengikuti aromanya sampai ke pohon akasia.');
INSERT OR IGNORE INTO book_pages (id, book_id, page_number, illustration_seed, text_en, text_id) VALUES ('pag_zuri-and-the-lost-cub_6', 'bok_zuri-and-the-lost-cub', 6, 'safari-6', 'There, Jabari''s mother waited, relieved. From that day, elephants and lions in that savanna were the best of friends.', 'Di sana, ibu Jabari menunggu, lega. Sejak hari itu, gajah dan singa di sabana itu menjadi sahabat terbaik.');
INSERT OR IGNORE INTO quiz_questions (id, book_id, sort_order, question_en, question_id, options_en_json, options_id_json, correct_index, xp_reward) VALUES ('qz_zuri-and-the-lost-cub_1', 'bok_zuri-and-the-lost-cub', 1, 'Who got stuck between two rocks?', 'Siapa yang terjepit di antara dua batu?', '["Zuri","Jabari the lion cub","A zebra","A bird"]', '["Zuri","Jabari si anak singa","Zebra","Burung"]', 1, 10);
INSERT OR IGNORE INTO quiz_questions (id, book_id, sort_order, question_en, question_id, options_en_json, options_id_json, correct_index, xp_reward) VALUES ('qz_zuri-and-the-lost-cub_2', 'bok_zuri-and-the-lost-cub', 2, 'How did Zuri find Jabari''s family?', 'Bagaimana Zuri menemukan keluarga Jabari?', '["She asked a bird","She followed the scent with her trunk","She guessed","She waited for them"]', '["Bertanya pada burung","Mengikuti aroma dengan belalainya","Menebak","Menunggu mereka"]', 1, 10);
INSERT OR IGNORE INTO quiz_questions (id, book_id, sort_order, question_en, question_id, options_en_json, options_id_json, correct_index, xp_reward) VALUES ('qz_zuri-and-the-lost-cub_3', 'bok_zuri-and-the-lost-cub', 3, 'What lesson does the story teach?', 'Pelajaran apa yang diajarkan cerita ini?', '["Only help your own kind","Kindness has no borders","Stay away from strangers","Lions are scary"]', '["Hanya tolong sejenis","Kebaikan tak mengenal batas","Jauhi orang asing","Singa menakutkan"]', 1, 10);

INSERT OR IGNORE INTO books (id, slug, title_en, title_id, description_en, description_id, category_id, author_id, cover_palette, cover_emoji, age_min, age_max, is_premium, status, page_count, read_count, created_at, updated_at) VALUES ('bok_old-macfarms-missing-rooster', 'old-macfarms-missing-rooster', 'Old MacFarm and the Missing Rooster', 'Peternakan Tua dan Ayam Jantan yang Hilang', 'When the rooster who wakes the farm disappears, the animals must learn to work together.', 'Ketika ayam jantan yang membangunkan peternakan menghilang, para hewan harus belajar bekerja sama.', 'cat_farm', 'aut_siti-aminah', 'sunrise', '🐓', 3, 6, 0, 'published', 6, 4141, 1784514532774, 1784514532774);
INSERT OR IGNORE INTO book_pages (id, book_id, page_number, illustration_seed, text_en, text_id) VALUES ('pag_old-macfarms-missing-rooster_1', 'bok_old-macfarms-missing-rooster', 1, 'farm-1', 'Every morning, Rudi the rooster crowed "Cock-a-doodle-doo!" to wake up the whole farm.', 'Setiap pagi, Rudi si ayam jantan berkokok "Kukuruyuk!" untuk membangunkan seluruh peternakan.');
INSERT OR IGNORE INTO book_pages (id, book_id, page_number, illustration_seed, text_en, text_id) VALUES ('pag_old-macfarms-missing-rooster_2', 'bok_old-macfarms-missing-rooster', 2, 'farm-2', 'One morning, there was silence. No crowing at all. Rudi was nowhere to be found!', 'Suatu pagi, semua sunyi. Tidak ada kokokan sama sekali. Rudi tidak ditemukan di mana pun!');
INSERT OR IGNORE INTO book_pages (id, book_id, page_number, illustration_seed, text_en, text_id) VALUES ('pag_old-macfarms-missing-rooster_3', 'bok_old-macfarms-missing-rooster', 3, 'farm-3', 'The cow, the sheep, and the pig searched everywhere, calling his name across the barn.', 'Sapi, domba, dan babi mencari ke mana-mana, memanggil namanya di seluruh kandang.');
INSERT OR IGNORE INTO book_pages (id, book_id, page_number, illustration_seed, text_en, text_id) VALUES ('pag_old-macfarms-missing-rooster_4', 'bok_old-macfarms-missing-rooster', 4, 'farm-4', 'The little duck found him stuck in the mud near the pond, his feathers all muddy.', 'Bebek kecil menemukannya terjebak di lumpur dekat kolam, bulunya penuh lumpur.');
INSERT OR IGNORE INTO book_pages (id, book_id, page_number, illustration_seed, text_en, text_id) VALUES ('pag_old-macfarms-missing-rooster_5', 'bok_old-macfarms-missing-rooster', 5, 'farm-5', 'All the animals worked together, pulling gently, until Rudi popped free with a happy squelch.', 'Semua hewan bekerja sama, menarik dengan lembut, sampai Rudi terlepas dengan suara lucu.');
INSERT OR IGNORE INTO book_pages (id, book_id, page_number, illustration_seed, text_en, text_id) VALUES ('pag_old-macfarms-missing-rooster_6', 'bok_old-macfarms-missing-rooster', 6, 'farm-6', 'The next morning, Rudi crowed louder than ever, thankful for his wonderful farm friends.', 'Keesokan paginya, Rudi berkokok lebih keras dari biasanya, berterima kasih pada teman-teman peternakannya.');
INSERT OR IGNORE INTO quiz_questions (id, book_id, sort_order, question_en, question_id, options_en_json, options_id_json, correct_index, xp_reward) VALUES ('qz_old-macfarms-missing-rooster_1', 'bok_old-macfarms-missing-rooster', 1, 'What does Rudi do every morning?', 'Apa yang dilakukan Rudi setiap pagi?', '["He sleeps in","He crows to wake everyone","He eats breakfast","He swims"]', '["Tidur lagi","Berkokok membangunkan semua","Sarapan","Berenang"]', 1, 10);
INSERT OR IGNORE INTO quiz_questions (id, book_id, sort_order, question_en, question_id, options_en_json, options_id_json, correct_index, xp_reward) VALUES ('qz_old-macfarms-missing-rooster_2', 'bok_old-macfarms-missing-rooster', 2, 'Where was Rudi stuck?', 'Di mana Rudi terjebak?', '["In a tree","In the mud near the pond","In the barn","On the roof"]', '["Di pohon","Di lumpur dekat kolam","Di kandang","Di atap"]', 1, 10);
INSERT OR IGNORE INTO quiz_questions (id, book_id, sort_order, question_en, question_id, options_en_json, options_id_json, correct_index, xp_reward) VALUES ('qz_old-macfarms-missing-rooster_3', 'bok_old-macfarms-missing-rooster', 3, 'How was Rudi rescued?', 'Bagaimana Rudi diselamatkan?', '["He escaped alone","All the animals worked together","The farmer used a machine","He was left there"]', '["Kabur sendiri","Semua hewan bekerja sama","Petani pakai mesin","Dibiarkan saja"]', 1, 10);

INSERT OR IGNORE INTO books (id, slug, title_en, title_id, description_en, description_id, category_id, author_id, cover_palette, cover_emoji, age_min, age_max, is_premium, status, page_count, read_count, created_at, updated_at) VALUES ('bok_buddys-first-day-home', 'buddys-first-day-home', 'Buddy the Puppy''s First Day Home', 'Hari Pertama Buddy si Anak Anjing di Rumah Baru', 'A nervous new puppy learns that his new family will love and take care of him always.', 'Seekor anak anjing yang gugup belajar bahwa keluarga barunya akan selalu mencintai dan merawatnya.', 'cat_pets', 'aut_sarah-johnson', 'sunrise', '🐶', 2, 6, 0, 'published', 6, 725, 1784514532774, 1784514532774);
INSERT OR IGNORE INTO book_pages (id, book_id, page_number, illustration_seed, text_en, text_id) VALUES ('pag_buddys-first-day-home_1', 'bok_buddys-first-day-home', 1, 'pets-1', 'Buddy the puppy arrived at his new home in a little basket, feeling small and nervous.', 'Buddy si anak anjing tiba di rumah barunya dalam keranjang kecil, merasa kecil dan gugup.');
INSERT OR IGNORE INTO book_pages (id, book_id, page_number, illustration_seed, text_en, text_id) VALUES ('pag_buddys-first-day-home_2', 'bok_buddys-first-day-home', 2, 'pets-2', 'A little boy named Dimas knelt down slowly and held out his hand. "Hi Buddy, I''m your friend now."', 'Seorang anak laki-laki bernama Dimas berlutut pelan dan mengulurkan tangannya. "Hai Buddy, aku temanmu sekarang."');
INSERT OR IGNORE INTO book_pages (id, book_id, page_number, illustration_seed, text_en, text_id) VALUES ('pag_buddys-first-day-home_3', 'bok_buddys-first-day-home', 3, 'pets-3', 'Buddy sniffed his hand carefully, then wagged his tail just a little bit.', 'Buddy mengendus tangan itu hati-hati, lalu mengibaskan ekornya sedikit.');
INSERT OR IGNORE INTO book_pages (id, book_id, page_number, illustration_seed, text_en, text_id) VALUES ('pag_buddys-first-day-home_4', 'bok_buddys-first-day-home', 4, 'pets-4', 'Dimas showed him his cozy new bed, a bowl of fresh water, and a soft squeaky toy.', 'Dimas menunjukkan tempat tidur baru yang nyaman, mangkuk berisi air segar, dan mainan lembut yang berbunyi.');
INSERT OR IGNORE INTO book_pages (id, book_id, page_number, illustration_seed, text_en, text_id) VALUES ('pag_buddys-first-day-home_5', 'bok_buddys-first-day-home', 5, 'pets-5', 'That night, Buddy curled up next to Dimas''s bed, feeling safe for the very first time.', 'Malam itu, Buddy meringkuk di samping tempat tidur Dimas, merasa aman untuk pertama kalinya.');
INSERT OR IGNORE INTO book_pages (id, book_id, page_number, illustration_seed, text_en, text_id) VALUES ('pag_buddys-first-day-home_6', 'bok_buddys-first-day-home', 6, 'pets-6', 'By morning, Buddy was already best friends with his whole new family.', 'Menjelang pagi, Buddy sudah menjadi sahabat bagi seluruh keluarga barunya.');
INSERT OR IGNORE INTO quiz_questions (id, book_id, sort_order, question_en, question_id, options_en_json, options_id_json, correct_index, xp_reward) VALUES ('qz_buddys-first-day-home_1', 'bok_buddys-first-day-home', 1, 'How did Buddy feel when he first arrived?', 'Bagaimana perasaan Buddy saat pertama tiba?', '["Excited and loud","Small and nervous","Angry","Sleepy all day"]', '["Bersemangat dan berisik","Kecil dan gugup","Marah","Ngantuk seharian"]', 1, 10);
INSERT OR IGNORE INTO quiz_questions (id, book_id, sort_order, question_en, question_id, options_en_json, options_id_json, correct_index, xp_reward) VALUES ('qz_buddys-first-day-home_2', 'bok_buddys-first-day-home', 2, 'Who welcomed Buddy?', 'Siapa yang menyambut Buddy?', '["A cat","A boy named Dimas","A stranger","Nobody"]', '["Kucing","Anak bernama Dimas","Orang asing","Tidak ada"]', 1, 10);
INSERT OR IGNORE INTO quiz_questions (id, book_id, sort_order, question_en, question_id, options_en_json, options_id_json, correct_index, xp_reward) VALUES ('qz_buddys-first-day-home_3', 'bok_buddys-first-day-home', 3, 'Where did Buddy sleep that night?', 'Di mana Buddy tidur malam itu?', '["Outside","Next to Dimas''s bed","In the kitchen","In a basket outside"]', '["Di luar","Di samping tempat tidur Dimas","Di dapur","Dalam keranjang di luar"]', 1, 10);

INSERT OR IGNORE INTO books (id, slug, title_en, title_id, description_en, description_id, category_id, author_id, cover_palette, cover_emoji, age_min, age_max, is_premium, status, page_count, read_count, created_at, updated_at) VALUES ('bok_beep-and-the-broken-toy', 'beep-and-the-broken-toy', 'Beep and the Broken Toy', 'Beep dan Mainan yang Rusak', 'A helpful little robot learns that not everything broken needs fixing — sometimes it just needs care.', 'Seekor robot kecil yang suka menolong belajar bahwa tidak semua yang rusak perlu diperbaiki — kadang cukup dirawat.', 'cat_robots-tech', 'aut_david-lee', 'cosmic', '🤖', 4, 9, 0, 'published', 6, 2708, 1784514532774, 1784514532774);
INSERT OR IGNORE INTO book_pages (id, book_id, page_number, illustration_seed, text_en, text_id) VALUES ('pag_beep-and-the-broken-toy_1', 'bok_beep-and-the-broken-toy', 1, 'robots-1', 'Beep the robot loved fixing things. Squeaky doors, wobbly tables, anything at all.', 'Beep si robot suka memperbaiki barang. Pintu berdecit, meja goyang, apa saja.');
INSERT OR IGNORE INTO book_pages (id, book_id, page_number, illustration_seed, text_en, text_id) VALUES ('pag_beep-and-the-broken-toy_2', 'bok_beep-and-the-broken-toy', 2, 'robots-2', 'One day, he found a little girl named Wina crying over her torn teddy bear, Coco.', 'Suatu hari, ia menemukan gadis kecil bernama Wina menangis karena boneka beruangnya, Coco, robek.');
INSERT OR IGNORE INTO book_pages (id, book_id, page_number, illustration_seed, text_en, text_id) VALUES ('pag_beep-and-the-broken-toy_3', 'bok_beep-and-the-broken-toy', 3, 'robots-3', '"I can fix him with my tools!" Beep said, reaching for his glue and needle.', '"Aku bisa memperbaikinya dengan peralatanku!" kata Beep, mengambil lem dan jarumnya.');
INSERT OR IGNORE INTO book_pages (id, book_id, page_number, illustration_seed, text_en, text_id) VALUES ('pag_beep-and-the-broken-toy_4', 'bok_beep-and-the-broken-toy', 4, 'robots-4', '"Wait," Wina said softly. "Coco doesn''t need to be perfect. He just needs a hug and some love."', '"Tunggu," kata Wina lembut. "Coco tidak perlu sempurna. Ia hanya butuh pelukan dan kasih sayang."');
INSERT OR IGNORE INTO book_pages (id, book_id, page_number, illustration_seed, text_en, text_id) VALUES ('pag_beep-and-the-broken-toy_5', 'bok_beep-and-the-broken-toy', 5, 'robots-5', 'Beep paused his tools and thought about it. He gently helped Wina sew one small stitch instead.', 'Beep menghentikan peralatannya dan berpikir. Ia membantu Wina menjahit satu jahitan kecil saja.');
INSERT OR IGNORE INTO book_pages (id, book_id, page_number, illustration_seed, text_en, text_id) VALUES ('pag_beep-and-the-broken-toy_6', 'bok_beep-and-the-broken-toy', 6, 'robots-6', 'Coco was still a little worn, but Wina hugged him tight and smiled. Beep learned love fixes more than tools.', 'Coco masih agak usang, tapi Wina memeluknya erat dan tersenyum. Beep belajar bahwa cinta memperbaiki lebih dari sekadar alat.');
INSERT OR IGNORE INTO quiz_questions (id, book_id, sort_order, question_en, question_id, options_en_json, options_id_json, correct_index, xp_reward) VALUES ('qz_beep-and-the-broken-toy_1', 'bok_beep-and-the-broken-toy', 1, 'What did Beep love to do?', 'Apa yang disukai Beep?', '["Sleeping","Fixing things","Singing","Cooking"]', '["Tidur","Memperbaiki barang","Bernyanyi","Memasak"]', 1, 10);
INSERT OR IGNORE INTO quiz_questions (id, book_id, sort_order, question_en, question_id, options_en_json, options_id_json, correct_index, xp_reward) VALUES ('qz_beep-and-the-broken-toy_2', 'bok_beep-and-the-broken-toy', 2, 'What was broken?', 'Apa yang rusak?', '["A chair","Wina''s teddy bear","A robot arm","A window"]', '["Kursi","Boneka beruang Wina","Lengan robot","Jendela"]', 1, 10);
INSERT OR IGNORE INTO quiz_questions (id, book_id, sort_order, question_en, question_id, options_en_json, options_id_json, correct_index, xp_reward) VALUES ('qz_beep-and-the-broken-toy_3', 'bok_beep-and-the-broken-toy', 3, 'What did Wina say Coco really needed?', 'Apa yang menurut Wina benar-benar dibutuhkan Coco?', '["New stuffing","A hug and love","A new owner","To be thrown away"]', '["Isi baru","Pelukan dan kasih sayang","Pemilik baru","Dibuang"]', 1, 10);

INSERT OR IGNORE INTO books (id, slug, title_en, title_id, description_en, description_id, category_id, author_id, cover_palette, cover_emoji, age_min, age_max, is_premium, status, page_count, read_count, created_at, updated_at) VALUES ('bok_the-tree-everyone-forgot', 'the-tree-everyone-forgot', 'The Tree That Everyone Forgot', 'Pohon yang Terlupakan', 'Children rediscover an old forgotten tree in their neighborhood and learn to care for nature together.', 'Anak-anak menemukan kembali sebuah pohon tua yang terlupakan di lingkungan mereka dan belajar merawat alam bersama.', 'cat_nature-environment', 'aut_axto-creative-team', 'forest', '🌳', 4, 9, 0, 'published', 6, 4128, 1784514532774, 1784514532774);
INSERT OR IGNORE INTO book_pages (id, book_id, page_number, illustration_seed, text_en, text_id) VALUES ('pag_the-tree-everyone-forgot_1', 'bok_the-tree-everyone-forgot', 1, 'nature-1', 'At the end of Melati Street stood an old tree, its leaves dusty and branches drooping.', 'Di ujung Jalan Melati berdiri sebuah pohon tua, daunnya berdebu dan rantingnya menunduk.');
INSERT OR IGNORE INTO book_pages (id, book_id, page_number, illustration_seed, text_en, text_id) VALUES ('pag_the-tree-everyone-forgot_2', 'bok_the-tree-everyone-forgot', 2, 'nature-2', 'Every day, children walked past it without even noticing it was there.', 'Setiap hari, anak-anak melewatinya tanpa menyadari keberadaannya.');
INSERT OR IGNORE INTO book_pages (id, book_id, page_number, illustration_seed, text_en, text_id) VALUES ('pag_the-tree-everyone-forgot_3', 'bok_the-tree-everyone-forgot', 3, 'nature-3', 'One afternoon, little Arka stopped and looked up. "Why is this tree so sad?" he wondered.', 'Suatu sore, Arka kecil berhenti dan menengadah. "Kenapa pohon ini terlihat sedih?" pikirnya.');
INSERT OR IGNORE INTO book_pages (id, book_id, page_number, illustration_seed, text_en, text_id) VALUES ('pag_the-tree-everyone-forgot_4', 'bok_the-tree-everyone-forgot', 4, 'nature-4', 'He gathered his friends, and together they watered its roots and cleared the trash around it.', 'Ia mengumpulkan teman-temannya, dan bersama-sama mereka menyiram akarnya dan membersihkan sampah di sekitarnya.');
INSERT OR IGNORE INTO book_pages (id, book_id, page_number, illustration_seed, text_en, text_id) VALUES ('pag_the-tree-everyone-forgot_5', 'bok_the-tree-everyone-forgot', 5, 'nature-5', 'Week by week, the tree grew greener. Birds began building nests in its branches again.', 'Minggu demi minggu, pohon itu semakin hijau. Burung-burung mulai membuat sarang di rantingnya lagi.');
INSERT OR IGNORE INTO book_pages (id, book_id, page_number, illustration_seed, text_en, text_id) VALUES ('pag_the-tree-everyone-forgot_6', 'bok_the-tree-everyone-forgot', 6, 'nature-6', 'Now the children call it "Our Tree," and every child on Melati Street helps take care of it.', 'Sekarang anak-anak menyebutnya "Pohon Kita," dan setiap anak di Jalan Melati ikut merawatnya.');
INSERT OR IGNORE INTO quiz_questions (id, book_id, sort_order, question_en, question_id, options_en_json, options_id_json, correct_index, xp_reward) VALUES ('qz_the-tree-everyone-forgot_1', 'bok_the-tree-everyone-forgot', 1, 'What was wrong with the tree at first?', 'Apa yang salah dengan pohon itu di awal?', '["It was cut down","It looked dusty and drooping","It was on fire","It moved away"]', '["Ditebang","Terlihat berdebu dan lesu","Terbakar","Berpindah tempat"]', 1, 10);
INSERT OR IGNORE INTO quiz_questions (id, book_id, sort_order, question_en, question_id, options_en_json, options_id_json, correct_index, xp_reward) VALUES ('qz_the-tree-everyone-forgot_2', 'bok_the-tree-everyone-forgot', 2, 'What did Arka and his friends do?', 'Apa yang dilakukan Arka dan teman-temannya?', '["Ignored it","Watered it and cleared trash","Cut it down","Painted it"]', '["Mengabaikannya","Menyiram dan membersihkan sampah","Menebangnya","Mengecatnya"]', 1, 10);
INSERT OR IGNORE INTO quiz_questions (id, book_id, sort_order, question_en, question_id, options_en_json, options_id_json, correct_index, xp_reward) VALUES ('qz_the-tree-everyone-forgot_3', 'bok_the-tree-everyone-forgot', 3, 'What happened after they cared for it?', 'Apa yang terjadi setelah mereka merawatnya?', '["It died anyway","It grew greener and birds returned","Nothing changed","It was cut down"]', '["Tetap mati","Semakin hijau dan burung kembali","Tidak ada yang berubah","Ditebang"]', 1, 10);

INSERT OR IGNORE INTO books (id, slug, title_en, title_id, description_en, description_id, category_id, author_id, cover_palette, cover_emoji, age_min, age_max, is_premium, status, page_count, read_count, created_at, updated_at) VALUES ('bok_the-rainbow-after-the-rain', 'the-rainbow-after-the-rain', 'The Rainbow After the Rain', 'Pelangi Setelah Hujan', 'A little boy learns why rainbows appear and discovers that even rainy days can lead to something beautiful.', 'Seorang anak laki-laki belajar kenapa pelangi muncul dan menemukan bahwa hari hujan pun bisa berujung indah.', 'cat_weather-seasons', 'aut_axto-creative-team', 'dusk', '🌦️', 2, 6, 0, 'published', 6, 2277, 1784514532774, 1784514532774);
INSERT OR IGNORE INTO book_pages (id, book_id, page_number, illustration_seed, text_en, text_id) VALUES ('pag_the-rainbow-after-the-rain_1', 'bok_the-rainbow-after-the-rain', 1, 'weather-1', 'Dark clouds rolled in, and rain began to fall. Bayu sighed, "No playing outside today."', 'Awan gelap datang, dan hujan mulai turun. Bayu menghela napas, "Tidak bisa main di luar hari ini."');
INSERT OR IGNORE INTO book_pages (id, book_id, page_number, illustration_seed, text_en, text_id) VALUES ('pag_the-rainbow-after-the-rain_2', 'bok_the-rainbow-after-the-rain', 2, 'weather-2', 'His grandfather smiled. "Every rain has a surprise waiting at the end, if you''re patient."', 'Kakeknya tersenyum. "Setiap hujan menyimpan kejutan di akhir, kalau kamu sabar menunggu."');
INSERT OR IGNORE INTO book_pages (id, book_id, page_number, illustration_seed, text_en, text_id) VALUES ('pag_the-rainbow-after-the-rain_3', 'bok_the-rainbow-after-the-rain', 3, 'weather-3', 'They watched from the window as the rain slowed down, drop by drop, until it finally stopped.', 'Mereka menonton dari jendela saat hujan melambat, tetes demi tetes, sampai akhirnya berhenti.');
INSERT OR IGNORE INTO book_pages (id, book_id, page_number, illustration_seed, text_en, text_id) VALUES ('pag_the-rainbow-after-the-rain_4', 'bok_the-rainbow-after-the-rain', 4, 'weather-4', 'The sun peeked out from behind a cloud, and light passed through the tiny raindrops in the air.', 'Matahari mengintip dari balik awan, dan cahaya melewati tetesan air kecil di udara.');
INSERT OR IGNORE INTO book_pages (id, book_id, page_number, illustration_seed, text_en, text_id) VALUES ('pag_the-rainbow-after-the-rain_5', 'bok_the-rainbow-after-the-rain', 5, 'weather-5', 'Suddenly, a rainbow stretched across the sky — red, orange, yellow, green, blue, and purple.', 'Tiba-tiba, sebuah pelangi terbentang di langit — merah, jingga, kuning, hijau, biru, dan ungu.');
INSERT OR IGNORE INTO book_pages (id, book_id, page_number, illustration_seed, text_en, text_id) VALUES ('pag_the-rainbow-after-the-rain_6', 'bok_the-rainbow-after-the-rain', 6, 'weather-6', '"The rain made room for the rainbow," Grandfather said. Bayu smiled, no longer sad about the rain.', '"Hujan memberi ruang untuk pelangi," kata Kakek. Bayu tersenyum, tak lagi sedih karena hujan.');
INSERT OR IGNORE INTO quiz_questions (id, book_id, sort_order, question_en, question_id, options_en_json, options_id_json, correct_index, xp_reward) VALUES ('qz_the-rainbow-after-the-rain_1', 'bok_the-rainbow-after-the-rain', 1, 'What was Bayu sad about?', 'Apa yang membuat Bayu sedih?', '["He lost a toy","He couldn''t play outside because of rain","He was hungry","School was cancelled"]', '["Kehilangan mainan","Tidak bisa main di luar karena hujan","Lapar","Sekolah diliburkan"]', 1, 10);
INSERT OR IGNORE INTO quiz_questions (id, book_id, sort_order, question_en, question_id, options_en_json, options_id_json, correct_index, xp_reward) VALUES ('qz_the-rainbow-after-the-rain_2', 'bok_the-rainbow-after-the-rain', 2, 'What appeared after the rain?', 'Apa yang muncul setelah hujan?', '["Snow","A rainbow","A storm","Fog"]', '["Salju","Pelangi","Badai","Kabut"]', 1, 10);
INSERT OR IGNORE INTO quiz_questions (id, book_id, sort_order, question_en, question_id, options_en_json, options_id_json, correct_index, xp_reward) VALUES ('qz_the-rainbow-after-the-rain_3', 'bok_the-rainbow-after-the-rain', 3, 'What lesson did Bayu learn?', 'Pelajaran apa yang dipetik Bayu?', '["Rain is always bad","Rain can lead to something beautiful","Rainbows are scary","Never go outside"]', '["Hujan selalu buruk","Hujan bisa berujung indah","Pelangi menakutkan","Jangan pernah keluar rumah"]', 1, 10);

INSERT OR IGNORE INTO books (id, slug, title_en, title_id, description_en, description_id, category_id, author_id, cover_palette, cover_emoji, age_min, age_max, is_premium, status, page_count, read_count, created_at, updated_at) VALUES ('bok_a-day-with-officer-dan', 'a-day-with-officer-dan', 'A Day With Officer Dan', 'Sehari Bersama Petugas Dan', 'A curious boy spends a day shadowing a police officer and learns how community helpers keep everyone safe.', 'Seorang anak yang penasaran menghabiskan sehari mengikuti seorang polisi dan belajar bagaimana profesi membantu menjaga keselamatan semua orang.', 'cat_community-helpers', 'aut_axto-creative-team', 'night', '👮', 3, 7, 0, 'published', 6, 4235, 1784514532774, 1784514532774);
INSERT OR IGNORE INTO book_pages (id, book_id, page_number, illustration_seed, text_en, text_id) VALUES ('pag_a-day-with-officer-dan_1', 'bok_a-day-with-officer-dan', 1, 'community-1', 'On School Career Day, Farrel got to spend the morning with Officer Dan, the friendliest police officer in town.', 'Di Hari Profesi Sekolah, Farrel menghabiskan pagi bersama Petugas Dan, polisi paling ramah di kota.');
INSERT OR IGNORE INTO book_pages (id, book_id, page_number, illustration_seed, text_en, text_id) VALUES ('pag_a-day-with-officer-dan_2', 'bok_a-day-with-officer-dan', 2, 'community-2', 'First, they helped a group of children cross the busy street safely, holding up a bright stop sign.', 'Pertama, mereka membantu sekelompok anak menyeberang jalan ramai dengan aman, mengangkat rambu berhenti yang cerah.');
INSERT OR IGNORE INTO book_pages (id, book_id, page_number, illustration_seed, text_en, text_id) VALUES ('pag_a-day-with-officer-dan_3', 'bok_a-day-with-officer-dan', 3, 'community-3', 'Next, they helped an elderly man who couldn''t find his way home, guiding him gently back to his street.', 'Selanjutnya, mereka membantu seorang kakek yang tersesat, menuntunnya kembali ke jalannya dengan lembut.');
INSERT OR IGNORE INTO book_pages (id, book_id, page_number, illustration_seed, text_en, text_id) VALUES ('pag_a-day-with-officer-dan_4', 'bok_a-day-with-officer-dan', 4, 'community-4', '"Being a helper means noticing when someone needs you," Officer Dan explained with a warm smile.', '"Menjadi penolong berarti peka saat seseorang membutuhkanmu," jelas Petugas Dan dengan senyum hangat.');
INSERT OR IGNORE INTO book_pages (id, book_id, page_number, illustration_seed, text_en, text_id) VALUES ('pag_a-day-with-officer-dan_5', 'bok_a-day-with-officer-dan', 5, 'community-5', 'Farrel even got to wave to cars from a bicycle, helping keep the school zone safe at pickup time.', 'Farrel bahkan boleh melambai ke mobil dari sepeda, membantu menjaga keamanan zona sekolah saat jam jemput.');
INSERT OR IGNORE INTO book_pages (id, book_id, page_number, illustration_seed, text_en, text_id) VALUES ('pag_a-day-with-officer-dan_6', 'bok_a-day-with-officer-dan', 6, 'community-6', 'That night, Farrel told his family, "I want to be a helper like Officer Dan when I grow up."', 'Malam itu, Farrel bercerita ke keluarganya, "Aku ingin jadi penolong seperti Petugas Dan kalau sudah besar."');
INSERT OR IGNORE INTO quiz_questions (id, book_id, sort_order, question_en, question_id, options_en_json, options_id_json, correct_index, xp_reward) VALUES ('qz_a-day-with-officer-dan_1', 'bok_a-day-with-officer-dan', 1, 'Who did Farrel spend the day with?', 'Farrel menghabiskan hari bersama siapa?', '["A doctor","Officer Dan","A firefighter","A teacher"]', '["Dokter","Petugas Dan","Pemadam kebakaran","Guru"]', 1, 10);
INSERT OR IGNORE INTO quiz_questions (id, book_id, sort_order, question_en, question_id, options_en_json, options_id_json, correct_index, xp_reward) VALUES ('qz_a-day-with-officer-dan_2', 'bok_a-day-with-officer-dan', 2, 'What did they help the elderly man with?', 'Apa yang mereka bantu untuk kakek itu?', '["Carrying groceries","Finding his way home","Fixing his bike","Crossing a river"]', '["Membawa belanjaan","Menemukan jalan pulang","Memperbaiki sepeda","Menyeberangi sungai"]', 1, 10);
INSERT OR IGNORE INTO quiz_questions (id, book_id, sort_order, question_en, question_id, options_en_json, options_id_json, correct_index, xp_reward) VALUES ('qz_a-day-with-officer-dan_3', 'bok_a-day-with-officer-dan', 3, 'What did Farrel decide he wanted to be?', 'Farrel ingin menjadi apa?', '["A chef","A helper like Officer Dan","A pilot","A painter"]', '["Koki","Penolong seperti Petugas Dan","Pilot","Pelukis"]', 1, 10);

INSERT OR IGNORE INTO books (id, slug, title_en, title_id, description_en, description_id, category_id, author_id, cover_palette, cover_emoji, age_min, age_max, is_premium, status, page_count, read_count, created_at, updated_at) VALUES ('bok_team-sunflowers-big-game', 'team-sunflowers-big-game', 'Team Sunflower''s Big Game', 'Pertandingan Besar Tim Bunga Matahari', 'A young player learns that supporting your teammates matters more than winning.', 'Seorang pemain kecil belajar bahwa mendukung teman satu tim lebih penting daripada menang.', 'cat_sports', 'aut_axto-creative-team', 'meadow', '⚽', 5, 10, 0, 'published', 6, 2352, 1784514532774, 1784514532774);
INSERT OR IGNORE INTO book_pages (id, book_id, page_number, illustration_seed, text_en, text_id) VALUES ('pag_team-sunflowers-big-game_1', 'bok_team-sunflowers-big-game', 1, 'sports-1', 'Team Sunflower had practiced all season for the final match against Team Comet.', 'Tim Bunga Matahari sudah berlatih sepanjang musim untuk pertandingan final melawan Tim Komet.');
INSERT OR IGNORE INTO book_pages (id, book_id, page_number, illustration_seed, text_en, text_id) VALUES ('pag_team-sunflowers-big-game_2', 'bok_team-sunflowers-big-game', 2, 'sports-2', 'Rayhan, the fastest runner on the team, was so nervous his hands were shaking before the whistle blew.', 'Rayhan, pelari tercepat di tim, sangat gugup hingga tangannya gemetar sebelum peluit ditiup.');
INSERT OR IGNORE INTO book_pages (id, book_id, page_number, illustration_seed, text_en, text_id) VALUES ('pag_team-sunflowers-big-game_3', 'bok_team-sunflowers-big-game', 3, 'sports-3', 'In the second half, Rayhan missed an easy goal, and his shoulders slumped in disappointment.', 'Di babak kedua, Rayhan gagal mencetak gol yang mudah, dan bahunya turun kecewa.');
INSERT OR IGNORE INTO book_pages (id, book_id, page_number, illustration_seed, text_en, text_id) VALUES ('pag_team-sunflowers-big-game_4', 'bok_team-sunflowers-big-game', 4, 'sports-4', 'His teammate Bimo ran over and patted his back. "We win and lose together. Keep playing!"', 'Rekan setimnya, Bimo, berlari dan menepuk punggungnya. "Kita menang dan kalah bersama. Ayo terus main!"');
INSERT OR IGNORE INTO book_pages (id, book_id, page_number, illustration_seed, text_en, text_id) VALUES ('pag_team-sunflowers-big-game_5', 'bok_team-sunflowers-big-game', 5, 'sports-5', 'Cheered on by his team, Rayhan ran faster than ever and passed the ball perfectly to score in the last minute.', 'Didukung timnya, Rayhan berlari lebih cepat dari sebelumnya dan mengoper bola dengan sempurna untuk mencetak gol di menit terakhir.');
INSERT OR IGNORE INTO book_pages (id, book_id, page_number, illustration_seed, text_en, text_id) VALUES ('pag_team-sunflowers-big-game_6', 'bok_team-sunflowers-big-game', 6, 'sports-6', 'Team Sunflower won, but Rayhan said the best part was his team believing in him even after a mistake.', 'Tim Bunga Matahari menang, tapi bagi Rayhan yang terbaik adalah timnya tetap percaya padanya walau ia sempat gagal.');
INSERT OR IGNORE INTO quiz_questions (id, book_id, sort_order, question_en, question_id, options_en_json, options_id_json, correct_index, xp_reward) VALUES ('qz_team-sunflowers-big-game_1', 'bok_team-sunflowers-big-game', 1, 'What team did Rayhan play for?', 'Rayhan bermain untuk tim apa?', '["Team Comet","Team Sunflower","Team Star","Team Ocean"]', '["Tim Komet","Tim Bunga Matahari","Tim Bintang","Tim Laut"]', 1, 10);
INSERT OR IGNORE INTO quiz_questions (id, book_id, sort_order, question_en, question_id, options_en_json, options_id_json, correct_index, xp_reward) VALUES ('qz_team-sunflowers-big-game_2', 'bok_team-sunflowers-big-game', 2, 'What happened when Rayhan missed a goal?', 'Apa yang terjadi saat Rayhan gagal mencetak gol?', '["His team got angry","His teammate encouraged him","He was sent home","The game stopped"]', '["Tim marah","Rekan setimnya menyemangatinya","Ia dipulangkan","Pertandingan berhenti"]', 1, 10);
INSERT OR IGNORE INTO quiz_questions (id, book_id, sort_order, question_en, question_id, options_en_json, options_id_json, correct_index, xp_reward) VALUES ('qz_team-sunflowers-big-game_3', 'bok_team-sunflowers-big-game', 3, 'What did Rayhan say was the best part?', 'Apa menurut Rayhan bagian terbaiknya?', '["Winning the trophy","His team believing in him","Being the fastest","Getting a prize"]', '["Memenangkan trofi","Timnya tetap percaya padanya","Menjadi tercepat","Mendapat hadiah"]', 1, 10);

INSERT OR IGNORE INTO books (id, slug, title_en, title_id, description_en, description_id, category_id, author_id, cover_palette, cover_emoji, age_min, age_max, is_premium, status, page_count, read_count, created_at, updated_at) VALUES ('bok_the-song-that-made-the-village-dance', 'the-song-that-made-the-village-dance', 'The Song That Made the Village Dance', 'Lagu yang Membuat Desa Menari', 'A shy girl discovers her singing voice can bring an entire village together in joy.', 'Seorang gadis pemalu menemukan suara nyanyiannya bisa menyatukan seluruh desa dalam kebahagiaan.', 'cat_music-rhymes', 'aut_siti-aminah', 'candy', '🎵', 3, 7, 0, 'published', 6, 440, 1784514532774, 1784514532774);
INSERT OR IGNORE INTO book_pages (id, book_id, page_number, illustration_seed, text_en, text_id) VALUES ('pag_the-song-that-made-the-village-dance_1', 'bok_the-song-that-made-the-village-dance', 1, 'music-1', 'Sari loved to hum little tunes, but she was too shy to sing in front of anyone.', 'Sari suka menggumamkan lagu-lagu kecil, tapi ia terlalu malu untuk bernyanyi di depan orang.');
INSERT OR IGNORE INTO book_pages (id, book_id, page_number, illustration_seed, text_en, text_id) VALUES ('pag_the-song-that-made-the-village-dance_2', 'bok_the-song-that-made-the-village-dance', 2, 'music-2', 'One evening, the village harvest festival felt quiet and a little sad — the usual singer was sick.', 'Suatu malam, festival panen desa terasa sepi dan sedikit sedih — penyanyi biasa sedang sakit.');
INSERT OR IGNORE INTO book_pages (id, book_id, page_number, illustration_seed, text_en, text_id) VALUES ('pag_the-song-that-made-the-village-dance_3', 'bok_the-song-that-made-the-village-dance', 3, 'music-3', 'Sari''s grandmother whispered, "Music is a gift you share, not something to hide."', 'Nenek Sari berbisik, "Musik adalah hadiah yang kau bagikan, bukan yang kau sembunyikan."');
INSERT OR IGNORE INTO book_pages (id, book_id, page_number, illustration_seed, text_en, text_id) VALUES ('pag_the-song-that-made-the-village-dance_4', 'bok_the-song-that-made-the-village-dance', 4, 'music-4', 'With shaking knees, Sari stepped up and began to sing a gentle rhyme about the moon and rice fields.', 'Dengan lutut gemetar, Sari maju dan mulai menyanyikan pantun lembut tentang bulan dan sawah.');
INSERT OR IGNORE INTO book_pages (id, book_id, page_number, illustration_seed, text_en, text_id) VALUES ('pag_the-song-that-made-the-village-dance_5', 'bok_the-song-that-made-the-village-dance', 5, 'music-5', 'One by one, the villagers began clapping along, then swaying, then dancing under the stars.', 'Satu per satu, warga desa mulai bertepuk tangan, lalu bergoyang, lalu menari di bawah bintang.');
INSERT OR IGNORE INTO book_pages (id, book_id, page_number, illustration_seed, text_en, text_id) VALUES ('pag_the-song-that-made-the-village-dance_6', 'bok_the-song-that-made-the-village-dance', 6, 'music-6', 'From that night on, Sari sang at every festival, no longer afraid to share her gift.', 'Sejak malam itu, Sari bernyanyi di setiap festival, tak lagi takut membagikan hadiahnya.');
INSERT OR IGNORE INTO quiz_questions (id, book_id, sort_order, question_en, question_id, options_en_json, options_id_json, correct_index, xp_reward) VALUES ('qz_the-song-that-made-the-village-dance_1', 'bok_the-song-that-made-the-village-dance', 1, 'Why was the festival feeling sad?', 'Kenapa festival terasa sedih?', '["It was raining","The usual singer was sick","There was no food","It was cancelled"]', '["Sedang hujan","Penyanyi biasa sedang sakit","Tidak ada makanan","Dibatalkan"]', 1, 10);
INSERT OR IGNORE INTO quiz_questions (id, book_id, sort_order, question_en, question_id, options_en_json, options_id_json, correct_index, xp_reward) VALUES ('qz_the-song-that-made-the-village-dance_2', 'bok_the-song-that-made-the-village-dance', 2, 'What did Sari sing about?', 'Sari bernyanyi tentang apa?', '["Cars and roads","The moon and rice fields","Robots","The ocean"]', '["Mobil dan jalan","Bulan dan sawah","Robot","Laut"]', 1, 10);
INSERT OR IGNORE INTO quiz_questions (id, book_id, sort_order, question_en, question_id, options_en_json, options_id_json, correct_index, xp_reward) VALUES ('qz_the-song-that-made-the-village-dance_3', 'bok_the-song-that-made-the-village-dance', 3, 'What did the villagers do while Sari sang?', 'Apa yang dilakukan warga desa saat Sari bernyanyi?', '["They left","They clapped and danced","They fell asleep","They argued"]', '["Pergi","Bertepuk tangan dan menari","Tertidur","Bertengkar"]', 1, 10);

INSERT OR IGNORE INTO books (id, slug, title_en, title_id, description_en, description_id, category_id, author_id, cover_palette, cover_emoji, age_min, age_max, is_premium, status, page_count, read_count, created_at, updated_at) VALUES ('bok_grandmas-lantern-festival', 'grandmas-lantern-festival', 'Grandma''s Lantern Festival', 'Festival Lampion Nenek', 'A boy learns the meaning behind his family''s lantern festival tradition and why celebrations bring people together.', 'Seorang anak belajar makna di balik tradisi festival lampion keluarganya dan kenapa perayaan menyatukan orang.', 'cat_holidays-culture', 'aut_siti-aminah', 'night', '🏮', 4, 8, 0, 'published', 6, 4642, 1784514532774, 1784514532774);
INSERT OR IGNORE INTO book_pages (id, book_id, page_number, illustration_seed, text_en, text_id) VALUES ('pag_grandmas-lantern-festival_1', 'bok_grandmas-lantern-festival', 1, 'holidays-1', 'Every year, Bram''s family made paper lanterns together for the village Lantern Festival.', 'Setiap tahun, keluarga Bram membuat lampion kertas bersama untuk Festival Lampion desa.');
INSERT OR IGNORE INTO book_pages (id, book_id, page_number, illustration_seed, text_en, text_id) VALUES ('pag_grandmas-lantern-festival_2', 'bok_grandmas-lantern-festival', 2, 'holidays-2', '"Why do we do this every year, Grandma?" Bram asked, folding red paper carefully.', '"Kenapa kita melakukan ini setiap tahun, Nek?" tanya Bram, sambil melipat kertas merah hati-hati.');
INSERT OR IGNORE INTO book_pages (id, book_id, page_number, illustration_seed, text_en, text_id) VALUES ('pag_grandmas-lantern-festival_3', 'bok_grandmas-lantern-festival', 3, 'holidays-3', '"The lanterns carry our wishes for the new year, and light guides family back home," Grandma explained.', '"Lampion membawa harapan kita untuk tahun baru, dan cahayanya menuntun keluarga kembali pulang," jelas Nenek.');
INSERT OR IGNORE INTO book_pages (id, book_id, page_number, illustration_seed, text_en, text_id) VALUES ('pag_grandmas-lantern-festival_4', 'bok_grandmas-lantern-festival', 4, 'holidays-4', 'That evening, the whole village gathered, lighting their lanterns one by one until the sky glowed gold.', 'Malam itu, seluruh desa berkumpul, menyalakan lampion satu per satu hingga langit bersinar keemasan.');
INSERT OR IGNORE INTO book_pages (id, book_id, page_number, illustration_seed, text_en, text_id) VALUES ('pag_grandmas-lantern-festival_5', 'bok_grandmas-lantern-festival', 5, 'holidays-5', 'Bram wrote his wish on his lantern: "I wish everyone I love stays happy and healthy."', 'Bram menulis harapannya di lampionnya: "Aku berharap semua yang kucintai tetap bahagia dan sehat."');
INSERT OR IGNORE INTO book_pages (id, book_id, page_number, illustration_seed, text_en, text_id) VALUES ('pag_grandmas-lantern-festival_6', 'bok_grandmas-lantern-festival', 6, 'holidays-6', 'Watching hundreds of lanterns float into the sky, Bram finally understood why the tradition mattered.', 'Melihat ratusan lampion melayang ke langit, Bram akhirnya paham kenapa tradisi ini begitu berarti.');
INSERT OR IGNORE INTO quiz_questions (id, book_id, sort_order, question_en, question_id, options_en_json, options_id_json, correct_index, xp_reward) VALUES ('qz_grandmas-lantern-festival_1', 'bok_grandmas-lantern-festival', 1, 'What did Bram''s family make together?', 'Apa yang dibuat keluarga Bram bersama?', '["Kites","Paper lanterns","Cookies","Masks"]', '["Layang-layang","Lampion kertas","Kue","Topeng"]', 1, 10);
INSERT OR IGNORE INTO quiz_questions (id, book_id, sort_order, question_en, question_id, options_en_json, options_id_json, correct_index, xp_reward) VALUES ('qz_grandmas-lantern-festival_2', 'bok_grandmas-lantern-festival', 2, 'What do the lanterns carry, according to Grandma?', 'Menurut Nenek, apa yang dibawa lampion?', '["Food","Wishes for the new year","Money","Nothing special"]', '["Makanan","Harapan untuk tahun baru","Uang","Tidak ada yang khusus"]', 1, 10);
INSERT OR IGNORE INTO quiz_questions (id, book_id, sort_order, question_en, question_id, options_en_json, options_id_json, correct_index, xp_reward) VALUES ('qz_grandmas-lantern-festival_3', 'bok_grandmas-lantern-festival', 3, 'What did Bram write on his lantern?', 'Apa yang ditulis Bram di lampionnya?', '["A joke","A wish for loved ones to be happy and healthy","His name only","A drawing"]', '["Lelucon","Harapan agar orang tercinta bahagia dan sehat","Namanya saja","Gambar"]', 1, 10);

INSERT OR IGNORE INTO books (id, slug, title_en, title_id, description_en, description_id, category_id, author_id, cover_palette, cover_emoji, age_min, age_max, is_premium, status, page_count, read_count, created_at, updated_at) VALUES ('bok_why-teeth-need-brushing', 'why-teeth-need-brushing', 'Why Teeth Need Brushing', 'Kenapa Gigi Perlu Disikat', 'A friendly visit to the dentist teaches a reluctant boy why brushing his teeth every day matters.', 'Kunjungan yang menyenangkan ke dokter gigi mengajarkan seorang anak yang malas kenapa menyikat gigi setiap hari itu penting.', 'cat_health-body', 'aut_axto-creative-team', 'ocean', '🦷', 3, 7, 0, 'published', 6, 1840, 1784514532774, 1784514532774);
INSERT OR IGNORE INTO book_pages (id, book_id, page_number, illustration_seed, text_en, text_id) VALUES ('pag_why-teeth-need-brushing_1', 'bok_why-teeth-need-brushing', 1, 'health-1', 'Ega never liked brushing his teeth. "It takes too long," he always complained.', 'Ega tidak pernah suka menyikat gigi. "Terlalu lama," ia selalu mengeluh.');
INSERT OR IGNORE INTO book_pages (id, book_id, page_number, illustration_seed, text_en, text_id) VALUES ('pag_why-teeth-need-brushing_2', 'bok_why-teeth-need-brushing', 2, 'health-2', 'One day, his tooth started to hurt, so Mom took him to see Dr. Nisa, the dentist.', 'Suatu hari, giginya mulai sakit, jadi Ibu membawanya ke Dr. Nisa, dokter gigi.');
INSERT OR IGNORE INTO book_pages (id, book_id, page_number, illustration_seed, text_en, text_id) VALUES ('pag_why-teeth-need-brushing_3', 'bok_why-teeth-need-brushing', 3, 'health-3', 'Dr. Nisa showed him a picture: tiny sugar bugs love hiding in unbrushed teeth and cause holes.', 'Dr. Nisa menunjukkan gambar: kuman gula kecil suka bersembunyi di gigi yang tak disikat dan menyebabkan lubang.');
INSERT OR IGNORE INTO book_pages (id, book_id, page_number, illustration_seed, text_en, text_id) VALUES ('pag_why-teeth-need-brushing_4', 'bok_why-teeth-need-brushing', 4, 'health-4', '"Brushing twice a day chases the sugar bugs away before they can make a home in your teeth," she said.', '"Menyikat gigi dua kali sehari mengusir kuman gula sebelum mereka bisa tinggal di gigimu," katanya.');
INSERT OR IGNORE INTO book_pages (id, book_id, page_number, illustration_seed, text_en, text_id) VALUES ('pag_why-teeth-need-brushing_5', 'bok_why-teeth-need-brushing', 5, 'health-5', 'Dr. Nisa gently fixed Ega''s tooth, and gave him a fun new toothbrush shaped like a dinosaur.', 'Dr. Nisa memperbaiki gigi Ega dengan lembut, dan memberinya sikat gigi baru berbentuk dinosaurus.');
INSERT OR IGNORE INTO book_pages (id, book_id, page_number, illustration_seed, text_en, text_id) VALUES ('pag_why-teeth-need-brushing_6', 'bok_why-teeth-need-brushing', 6, 'health-6', 'Now Ega brushes every morning and night, proud that his teeth are strong and sugar-bug-free.', 'Sekarang Ega menyikat gigi setiap pagi dan malam, bangga giginya kuat dan bebas kuman gula.');
INSERT OR IGNORE INTO quiz_questions (id, book_id, sort_order, question_en, question_id, options_en_json, options_id_json, correct_index, xp_reward) VALUES ('qz_why-teeth-need-brushing_1', 'bok_why-teeth-need-brushing', 1, 'Why did Ega go to the dentist?', 'Kenapa Ega pergi ke dokter gigi?', '["For a checkup only","His tooth started to hurt","To get a toy","For fun"]', '["Cek rutin saja","Giginya mulai sakit","Untuk dapat mainan","Untuk senang-senang"]', 1, 10);
INSERT OR IGNORE INTO quiz_questions (id, book_id, sort_order, question_en, question_id, options_en_json, options_id_json, correct_index, xp_reward) VALUES ('qz_why-teeth-need-brushing_2', 'bok_why-teeth-need-brushing', 2, 'What did Dr. Nisa say causes holes in teeth?', 'Menurut Dr. Nisa, apa yang menyebabkan lubang di gigi?', '["Cold water","Sugar bugs on unbrushed teeth","Sunlight","Too much sleep"]', '["Air dingin","Kuman gula di gigi tak disikat","Sinar matahari","Terlalu banyak tidur"]', 1, 10);
INSERT OR IGNORE INTO quiz_questions (id, book_id, sort_order, question_en, question_id, options_en_json, options_id_json, correct_index, xp_reward) VALUES ('qz_why-teeth-need-brushing_3', 'bok_why-teeth-need-brushing', 3, 'How often should you brush your teeth?', 'Seberapa sering sebaiknya menyikat gigi?', '["Once a week","Twice a day","Only when it hurts","Never"]', '["Sekali seminggu","Dua kali sehari","Hanya saat sakit","Tidak pernah"]', 1, 10);

INSERT OR IGNORE INTO books (id, slug, title_en, title_id, description_en, description_id, category_id, author_id, cover_palette, cover_emoji, age_min, age_max, is_premium, status, page_count, read_count, created_at, updated_at) VALUES ('bok_the-magic-words', 'the-magic-words', 'The Magic Words: Please and Thank You', 'Kata Ajaib: Tolong dan Terima Kasih', 'A young rabbit discovers that two small words can turn a grumpy day into a wonderful one.', 'Seekor kelinci kecil menemukan bahwa dua kata sederhana bisa mengubah hari yang buruk menjadi menyenangkan.', 'cat_manners', 'aut_axto-creative-team', 'sunrise', '🙏', 2, 6, 0, 'published', 6, 4210, 1784514532774, 1784514532774);
INSERT OR IGNORE INTO book_pages (id, book_id, page_number, illustration_seed, text_en, text_id) VALUES ('pag_the-magic-words_1', 'bok_the-magic-words', 1, 'manners-1', 'Kiki the rabbit wanted a carrot from the market stall. "Give me a carrot!" she demanded.', 'Kiki si kelinci ingin sebuah wortel dari kios pasar. "Kasih aku wortel!" katanya menuntut.');
INSERT OR IGNORE INTO book_pages (id, book_id, page_number, illustration_seed, text_en, text_id) VALUES ('pag_the-magic-words_2', 'bok_the-magic-words', 2, 'manners-2', 'The shopkeeper, Mr. Beaver, looked a little sad and slowly turned away without a word.', 'Pemilik toko, Pak Berang-berang, terlihat sedikit sedih dan perlahan berbalik tanpa berkata apa-apa.');
INSERT OR IGNORE INTO book_pages (id, book_id, page_number, illustration_seed, text_en, text_id) VALUES ('pag_the-magic-words_3', 'bok_the-magic-words', 3, 'manners-3', 'Kiki''s mother whispered gently, "Try asking with the magic words, sweetheart."', 'Ibu Kiki berbisik lembut, "Coba minta dengan kata ajaib, Sayang."');
INSERT OR IGNORE INTO book_pages (id, book_id, page_number, illustration_seed, text_en, text_id) VALUES ('pag_the-magic-words_4', 'bok_the-magic-words', 4, 'manners-4', '"Could I please have a carrot?" Kiki asked, softer this time. Mr. Beaver''s face lit up with a smile.', '"Bolehkah aku minta wortel, tolong?" tanya Kiki, kali ini lebih lembut. Wajah Pak Berang-berang langsung ceria.');
INSERT OR IGNORE INTO book_pages (id, book_id, page_number, illustration_seed, text_en, text_id) VALUES ('pag_the-magic-words_5', 'bok_the-magic-words', 5, 'manners-5', 'He handed her the biggest, crunchiest carrot in the stall. "Thank you so much!" Kiki said happily.', 'Ia memberikan wortel terbesar dan paling renyah di kiosnya. "Terima kasih banyak!" kata Kiki riang.');
INSERT OR IGNORE INTO book_pages (id, book_id, page_number, illustration_seed, text_en, text_id) VALUES ('pag_the-magic-words_6', 'bok_the-magic-words', 6, 'manners-6', 'From that day, Kiki always remembered: please and thank you make everyone''s day a little brighter.', 'Sejak hari itu, Kiki selalu ingat: tolong dan terima kasih membuat hari semua orang sedikit lebih cerah.');
INSERT OR IGNORE INTO quiz_questions (id, book_id, sort_order, question_en, question_id, options_en_json, options_id_json, correct_index, xp_reward) VALUES ('qz_the-magic-words_1', 'bok_the-magic-words', 1, 'How did Kiki first ask for a carrot?', 'Bagaimana Kiki pertama kali meminta wortel?', '["Politely","By demanding it rudely","By singing","By writing a note"]', '["Dengan sopan","Dengan menuntut kasar","Dengan bernyanyi","Dengan menulis catatan"]', 1, 10);
INSERT OR IGNORE INTO quiz_questions (id, book_id, sort_order, question_en, question_id, options_en_json, options_id_json, correct_index, xp_reward) VALUES ('qz_the-magic-words_2', 'bok_the-magic-words', 2, 'What are the "magic words"?', 'Apa "kata ajaib" itu?', '["Hello and goodbye","Please and thank you","Yes and no","Sorry and okay"]', '["Halo dan sampai jumpa","Tolong dan terima kasih","Ya dan tidak","Maaf dan oke"]', 1, 10);
INSERT OR IGNORE INTO quiz_questions (id, book_id, sort_order, question_en, question_id, options_en_json, options_id_json, correct_index, xp_reward) VALUES ('qz_the-magic-words_3', 'bok_the-magic-words', 3, 'How did Mr. Beaver react to the magic words?', 'Bagaimana reaksi Pak Berang-berang mendengar kata ajaib?', '["He got angrier","He smiled and gave the best carrot","He ignored her","He closed his shop"]', '["Makin marah","Tersenyum dan memberi wortel terbaik","Mengabaikannya","Menutup tokonya"]', 1, 10);

INSERT OR IGNORE INTO books (id, slug, title_en, title_id, description_en, description_id, category_id, author_id, cover_palette, cover_emoji, age_min, age_max, is_premium, status, page_count, read_count, created_at, updated_at) VALUES ('bok_the-girl-who-planted-a-forest', 'the-girl-who-planted-a-forest', 'The Girl Who Planted a Forest', 'Gadis yang Menanam Hutan', 'Inspired by real young environmentalists around the world, this story follows a girl whose one small act of planting trees grows into a movement.', 'Terinspirasi dari anak-anak pencinta lingkungan di dunia nyata, kisah ini mengikuti seorang gadis yang aksi kecilnya menanam pohon tumbuh menjadi gerakan besar.', 'cat_true-stories', 'aut_axto-creative-team', 'forest', '🌟', 6, 11, 0, 'published', 6, 391, 1784514532774, 1784514532774);
INSERT OR IGNORE INTO book_pages (id, book_id, page_number, illustration_seed, text_en, text_id) VALUES ('pag_the-girl-who-planted-a-forest_1', 'bok_the-girl-who-planted-a-forest', 1, 'true-1', 'When Maya was seven, she noticed the hill behind her school had no trees left — only dry, cracked earth.', 'Ketika Maya berusia tujuh tahun, ia menyadari bukit di belakang sekolahnya tak ada pohon lagi — hanya tanah kering yang retak.');
INSERT OR IGNORE INTO book_pages (id, book_id, page_number, illustration_seed, text_en, text_id) VALUES ('pag_the-girl-who-planted-a-forest_2', 'bok_the-girl-who-planted-a-forest', 2, 'true-2', 'Her teacher explained that without trees, the soil couldn''t hold rainwater, and animals had nowhere to live.', 'Gurunya menjelaskan bahwa tanpa pohon, tanah tak bisa menahan air hujan, dan hewan tak punya tempat tinggal.');
INSERT OR IGNORE INTO book_pages (id, book_id, page_number, illustration_seed, text_en, text_id) VALUES ('pag_the-girl-who-planted-a-forest_3', 'bok_the-girl-who-planted-a-forest', 3, 'true-3', 'Maya decided to plant just one small seedling that weekend. It felt tiny compared to the whole bare hill.', 'Maya memutuskan menanam satu bibit kecil akhir pekan itu. Rasanya kecil sekali dibanding seluruh bukit gundul.');
INSERT OR IGNORE INTO book_pages (id, book_id, page_number, illustration_seed, text_en, text_id) VALUES ('pag_the-girl-who-planted-a-forest_4', 'bok_the-girl-who-planted-a-forest', 4, 'true-4', 'She asked her friends to help the next weekend. Ten children came, then twenty, then the whole school.', 'Ia mengajak teman-temannya membantu akhir pekan berikutnya. Sepuluh anak datang, lalu dua puluh, lalu seluruh sekolah.');
INSERT OR IGNORE INTO book_pages (id, book_id, page_number, illustration_seed, text_en, text_id) VALUES ('pag_the-girl-who-planted-a-forest_5', 'bok_the-girl-who-planted-a-forest', 5, 'true-5', 'Within two years, hundreds of young trees covered the hill, and birds and butterflies began to return.', 'Dalam dua tahun, ratusan pohon muda menutupi bukit itu, dan burung serta kupu-kupu mulai kembali.');
INSERT OR IGNORE INTO book_pages (id, book_id, page_number, illustration_seed, text_en, text_id) VALUES ('pag_the-girl-who-planted-a-forest_6', 'bok_the-girl-who-planted-a-forest', 6, 'true-6', 'Maya learned that one small act, shared with others, can grow into something as big as a forest.', 'Maya belajar bahwa satu tindakan kecil, jika dibagikan bersama orang lain, bisa tumbuh menjadi sebesar hutan.');
INSERT OR IGNORE INTO quiz_questions (id, book_id, sort_order, question_en, question_id, options_en_json, options_id_json, correct_index, xp_reward) VALUES ('qz_the-girl-who-planted-a-forest_1', 'bok_the-girl-who-planted-a-forest', 1, 'What did Maya notice about the hill?', 'Apa yang disadari Maya tentang bukit itu?', '["It had too many trees","It had no trees left","It was covered in flowers","It was underwater"]', '["Terlalu banyak pohon","Tidak ada pohon lagi","Penuh bunga","Terendam air"]', 1, 10);
INSERT OR IGNORE INTO quiz_questions (id, book_id, sort_order, question_en, question_id, options_en_json, options_id_json, correct_index, xp_reward) VALUES ('qz_the-girl-who-planted-a-forest_2', 'bok_the-girl-who-planted-a-forest', 2, 'How did Maya''s small act grow?', 'Bagaimana tindakan kecil Maya berkembang?', '["It stayed just her alone","Friends and eventually the whole school joined","She gave up","Nobody noticed"]', '["Tetap sendirian","Teman-teman dan akhirnya seluruh sekolah ikut","Ia menyerah","Tidak ada yang peduli"]', 1, 10);
INSERT OR IGNORE INTO quiz_questions (id, book_id, sort_order, question_en, question_id, options_en_json, options_id_json, correct_index, xp_reward) VALUES ('qz_the-girl-who-planted-a-forest_3', 'bok_the-girl-who-planted-a-forest', 3, 'What returned to the hill after the trees grew?', 'Apa yang kembali ke bukit setelah pohon tumbuh?', '["Cars","Birds and butterflies","Buildings","Nothing changed"]', '["Mobil","Burung dan kupu-kupu","Gedung","Tidak ada yang berubah"]', 1, 10);

INSERT OR IGNORE INTO books (id, slug, title_en, title_id, description_en, description_id, category_id, author_id, cover_palette, cover_emoji, age_min, age_max, is_premium, status, page_count, read_count, created_at, updated_at) VALUES ('bok_the-lion-and-the-mouse', 'the-lion-and-the-mouse', 'The Lion and the Mouse', 'Singa dan Tikus Kecil', 'A tiny mouse promises to help a mighty lion — and one day, against all odds, she keeps her word.', 'Seekor tikus kecil berjanji menolong singa yang perkasa — dan suatu hari, ia benar-benar menepatinya.', 'cat_moral-stories', 'aut_axto-creative-team', 'sunrise', '🦁', 3, 8, 0, 'published', 14, 1621, 1784514532774, 1784514532774);
INSERT OR IGNORE INTO book_pages (id, book_id, page_number, illustration_seed, text_en, text_id) VALUES ('pag_the-lion-and-the-mouse_1', 'bok_the-lion-and-the-mouse', 1, 'lion-mouse-1', 'Deep in the golden grasslands of Africa lived a great lion. He was the strongest animal for miles around, and when he roared, even the wind seemed to hold its breath.', 'Jauh di padang rumput keemasan Afrika, hiduplah seekor singa besar. Ia hewan terkuat sejauh mata memandang, dan ketika ia mengaum, angin pun seakan menahan napas.');
INSERT OR IGNORE INTO book_pages (id, book_id, page_number, illustration_seed, text_en, text_id) VALUES ('pag_the-lion-and-the-mouse_2', 'bok_the-lion-and-the-mouse', 2, 'lion-mouse-2', 'One warm afternoon, the lion lay sleeping under a shady acacia tree, his huge paws stretched out in the soft grass.', 'Suatu siang yang hangat, singa itu tertidur di bawah pohon akasia yang rindang, cakar besarnya terjulur di rerumputan lembut.');
INSERT OR IGNORE INTO book_pages (id, book_id, page_number, illustration_seed, text_en, text_id) VALUES ('pag_the-lion-and-the-mouse_3', 'bok_the-lion-and-the-mouse', 3, 'lion-mouse-3', 'A little mouse, hurrying home with a seed for her supper, did not see the sleeping lion. She scampered right up his warm back — and woke him with a start!', 'Seekor tikus kecil yang tergesa pulang membawa biji untuk makan malamnya tak melihat singa yang tidur. Ia berlari tepat ke punggung hangat sang singa — dan membangunkannya!');
INSERT OR IGNORE INTO book_pages (id, book_id, page_number, illustration_seed, text_en, text_id) VALUES ('pag_the-lion-and-the-mouse_4', 'bok_the-lion-and-the-mouse', 4, 'lion-mouse-4', 'The lion''s giant paw came down and trapped her gently against the ground. ''How dare you wake me!'' he growled. The mouse trembled from her whiskers to her tail.', 'Cakar raksasa singa turun dan menahannya lembut ke tanah. ''Berani sekali kau membangunkanku!'' geramnya. Tikus itu gemetar dari kumis sampai ekornya.');
INSERT OR IGNORE INTO book_pages (id, book_id, page_number, illustration_seed, text_en, text_id) VALUES ('pag_the-lion-and-the-mouse_5', 'bok_the-lion-and-the-mouse', 5, 'lion-mouse-5', '''Please, mighty lion, let me go,'' she squeaked. ''I am only small, and I meant no harm. If you set me free, perhaps one day I can help you.''', '''Tolong, singa yang perkasa, lepaskan aku,'' cicitnya. ''Aku hanya kecil dan tak bermaksud jahat. Jika kau membebaskanku, mungkin suatu hari aku bisa menolongmu.''');
INSERT OR IGNORE INTO book_pages (id, book_id, page_number, illustration_seed, text_en, text_id) VALUES ('pag_the-lion-and-the-mouse_6', 'bok_the-lion-and-the-mouse', 6, 'lion-mouse-6', 'The lion laughed a great rumbling laugh. ''You? Help me? What a funny little thought!'' But he was in a kind mood, so he lifted his paw and let her go.', 'Singa itu tertawa menggelegar. ''Kau? Menolongku? Sungguh lucu!'' Namun hatinya sedang baik, maka ia mengangkat cakarnya dan melepaskan tikus itu.');
INSERT OR IGNORE INTO book_pages (id, book_id, page_number, illustration_seed, text_en, text_id) VALUES ('pag_the-lion-and-the-mouse_7', 'bok_the-lion-and-the-mouse', 7, 'lion-mouse-7', '''Thank you, thank you!'' cried the mouse, and she darted away into the grass, her small heart pounding with relief.', '''Terima kasih, terima kasih!'' seru tikus itu, lalu melesat ke rerumputan, jantung kecilnya berdebar lega.');
INSERT OR IGNORE INTO book_pages (id, book_id, page_number, illustration_seed, text_en, text_id) VALUES ('pag_the-lion-and-the-mouse_8', 'bok_the-lion-and-the-mouse', 8, 'lion-mouse-8', 'Many days passed. Then one evening, hunters came to the grasslands. They spread a strong rope net between the trees, and the great lion walked straight into their trap.', 'Berhari-hari berlalu. Lalu suatu senja, pemburu datang ke padang. Mereka membentangkan jaring tali yang kuat di antara pohon, dan singa besar itu berjalan tepat ke perangkap.');
INSERT OR IGNORE INTO book_pages (id, book_id, page_number, illustration_seed, text_en, text_id) VALUES ('pag_the-lion-and-the-mouse_9', 'bok_the-lion-and-the-mouse', 9, 'lion-mouse-9', 'The more he struggled, the tighter the net held him. He roared and roared, but the ropes would not break. For the first time, the mighty lion felt truly helpless.', 'Semakin ia meronta, semakin erat jaring itu mengikatnya. Ia mengaum berkali-kali, tetapi tali itu tak putus. Untuk pertama kalinya, singa perkasa itu merasa benar-benar tak berdaya.');
INSERT OR IGNORE INTO book_pages (id, book_id, page_number, illustration_seed, text_en, text_id) VALUES ('pag_the-lion-and-the-mouse_10', 'bok_the-lion-and-the-mouse', 10, 'lion-mouse-10', 'Far away, the little mouse heard the desperate roars. ''That is my friend the lion!'' she said, and she ran as fast as her tiny legs could carry her.', 'Jauh di sana, tikus kecil mendengar aumannya yang putus asa. ''Itu sahabatku, sang singa!'' katanya, lalu ia berlari secepat kaki kecilnya bisa membawanya.');
INSERT OR IGNORE INTO book_pages (id, book_id, page_number, illustration_seed, text_en, text_id) VALUES ('pag_the-lion-and-the-mouse_11', 'bok_the-lion-and-the-mouse', 11, 'lion-mouse-11', 'She reached the net and began to gnaw — nibble, nibble, nibble — with her sharp little teeth. One rope snapped. Then another. Then another.', 'Ia sampai di jaring dan mulai menggerogoti — kriuk, kriuk, kriuk — dengan gigi kecilnya yang tajam. Satu tali putus. Lalu satu lagi. Lalu satu lagi.');
INSERT OR IGNORE INTO book_pages (id, book_id, page_number, illustration_seed, text_en, text_id) VALUES ('pag_the-lion-and-the-mouse_12', 'bok_the-lion-and-the-mouse', 12, 'lion-mouse-12', 'At last the net fell open, and the great lion stepped free. He looked down at the tiny mouse in wonder. ''You truly did help me,'' he said softly.', 'Akhirnya jaring itu terbuka, dan singa besar melangkah bebas. Ia menunduk memandang tikus mungil itu dengan takjub. ''Kau sungguh menolongku,'' katanya lembut.');
INSERT OR IGNORE INTO book_pages (id, book_id, page_number, illustration_seed, text_en, text_id) VALUES ('pag_the-lion-and-the-mouse_13', 'bok_the-lion-and-the-mouse', 13, 'lion-mouse-13', 'From that day on, the lion and the mouse were the closest of friends. And the lion never again laughed at anyone for being small.', 'Sejak hari itu, singa dan tikus menjadi sahabat terdekat. Dan singa tak pernah lagi menertawakan siapa pun karena tubuhnya kecil.');
INSERT OR IGNORE INTO book_pages (id, book_id, page_number, illustration_seed, text_en, text_id) VALUES ('pag_the-lion-and-the-mouse_14', 'bok_the-lion-and-the-mouse', 14, 'lion-mouse-14', 'For kindness is never wasted, and even the smallest friend can do the greatest thing. The end.', 'Sebab kebaikan tak pernah sia-sia, dan sahabat sekecil apa pun bisa melakukan hal terbesar. Tamat.');
INSERT OR IGNORE INTO quiz_questions (id, book_id, sort_order, question_en, question_id, options_en_json, options_id_json, correct_index, xp_reward) VALUES ('qz_the-lion-and-the-mouse_1', 'bok_the-lion-and-the-mouse', 1, 'Why did the lion let the mouse go?', 'Mengapa singa melepaskan tikus?', '["He was hungry","He was in a kind mood","The mouse ran away","He was afraid"]', '["Ia lapar","Hatinya sedang baik","Tikus melarikan diri","Ia takut"]', 1, 10);
INSERT OR IGNORE INTO quiz_questions (id, book_id, sort_order, question_en, question_id, options_en_json, options_id_json, correct_index, xp_reward) VALUES ('qz_the-lion-and-the-mouse_2', 'bok_the-lion-and-the-mouse', 2, 'How did the mouse save the lion?', 'Bagaimana tikus menyelamatkan singa?', '["She roared loudly","She called the hunters","She gnawed through the net","She dug a hole"]', '["Ia mengaum keras","Ia memanggil pemburu","Ia menggerogoti jaring","Ia menggali lubang"]', 2, 10);
INSERT OR IGNORE INTO quiz_questions (id, book_id, sort_order, question_en, question_id, options_en_json, options_id_json, correct_index, xp_reward) VALUES ('qz_the-lion-and-the-mouse_3', 'bok_the-lion-and-the-mouse', 3, 'What is the lesson of the story?', 'Apa pelajaran dari cerita ini?', '["Big is always best","Kindness is never wasted","Never sleep outside","Run fast"]', '["Besar selalu terbaik","Kebaikan tak pernah sia-sia","Jangan tidur di luar","Berlari cepat"]', 1, 10);

INSERT OR IGNORE INTO books (id, slug, title_en, title_id, description_en, description_id, category_id, author_id, cover_palette, cover_emoji, age_min, age_max, is_premium, status, page_count, read_count, created_at, updated_at) VALUES ('bok_momotaro-the-peach-boy', 'momotaro-the-peach-boy', 'Momotaro, the Peach Boy', 'Momotaro, Anak dari Buah Persik', 'A brave boy born from a giant peach sets off with three animal friends to bring peace back to his island.', 'Anak pemberani yang lahir dari buah persik raksasa berpetualang bersama tiga sahabat hewan untuk membawa kedamaian kembali ke pulaunya.', 'cat_adventure', 'aut_axto-creative-team', 'sunrise', '🍑', 4, 9, 0, 'published', 15, 1391, 1784514532774, 1784514532774);
INSERT OR IGNORE INTO book_pages (id, book_id, page_number, illustration_seed, text_en, text_id) VALUES ('pag_momotaro-the-peach-boy_1', 'bok_momotaro-the-peach-boy', 1, 'momo-1', 'Long ago in Japan, an old woodcutter and his wife lived at the edge of a quiet village. They were kind and gentle, but they had no children, and their little house often felt empty.', 'Dahulu kala di Jepang, seorang penebang kayu tua dan istrinya tinggal di tepi desa yang tenang. Mereka baik dan lembut, tetapi tak punya anak, dan rumah kecil mereka sering terasa sepi.');
INSERT OR IGNORE INTO book_pages (id, book_id, page_number, illustration_seed, text_en, text_id) VALUES ('pag_momotaro-the-peach-boy_2', 'bok_momotaro-the-peach-boy', 2, 'momo-2', 'One morning, while the old woman washed clothes by the river, an enormous peach came bobbing down the water — the biggest peach she had ever seen.', 'Suatu pagi, ketika nenek mencuci pakaian di sungai, sebuah buah persik raksasa hanyut di air — persik terbesar yang pernah ia lihat.');
INSERT OR IGNORE INTO book_pages (id, book_id, page_number, illustration_seed, text_en, text_id) VALUES ('pag_momotaro-the-peach-boy_3', 'bok_momotaro-the-peach-boy', 3, 'momo-3', 'She carried it home, and when the old man raised his knife to slice it, the peach split open by itself — and inside sat a healthy, laughing baby boy!', 'Ia membawanya pulang, dan ketika kakek mengangkat pisau untuk membelahnya, persik itu terbuka dengan sendirinya — dan di dalamnya duduk seorang bayi laki-laki yang sehat dan tertawa!');
INSERT OR IGNORE INTO book_pages (id, book_id, page_number, illustration_seed, text_en, text_id) VALUES ('pag_momotaro-the-peach-boy_4', 'bok_momotaro-the-peach-boy', 4, 'momo-4', '''A gift from heaven!'' they cried with joy. They named him Momotaro, which means Peach Boy, and raised him with all their love.', '''Anugerah dari langit!'' seru mereka penuh gembira. Mereka menamainya Momotaro, yang berarti Anak Persik, dan membesarkannya dengan segenap cinta.');
INSERT OR IGNORE INTO book_pages (id, book_id, page_number, illustration_seed, text_en, text_id) VALUES ('pag_momotaro-the-peach-boy_5', 'bok_momotaro-the-peach-boy', 5, 'momo-5', 'Momotaro grew strong and kind. But across the sea lay Ogre Island, where fierce ogres sailed out to trouble the villages and take what was not theirs.', 'Momotaro tumbuh kuat dan baik hati. Namun di seberang laut ada Pulau Raksasa, tempat para raksasa buas berlayar untuk mengganggu desa dan merampas yang bukan milik mereka.');
INSERT OR IGNORE INTO book_pages (id, book_id, page_number, illustration_seed, text_en, text_id) VALUES ('pag_momotaro-the-peach-boy_6', 'bok_momotaro-the-peach-boy', 6, 'momo-6', 'When he was old enough, Momotaro said, ''I will sail to Ogre Island and ask the ogres to stop, so our people can live in peace.'' His parents packed him millet dumplings for the journey.', 'Ketika cukup besar, Momotaro berkata, ''Aku akan berlayar ke Pulau Raksasa dan meminta mereka berhenti, agar rakyat kita hidup damai.'' Orang tuanya membekali kue millet untuk perjalanannya.');
INSERT OR IGNORE INTO book_pages (id, book_id, page_number, illustration_seed, text_en, text_id) VALUES ('pag_momotaro-the-peach-boy_7', 'bok_momotaro-the-peach-boy', 7, 'momo-7', 'On the road he met a spotted dog. ''Where are you going, Momotaro?'' ''To Ogre Island, for peace.'' ''Give me a dumpling and I will come too!'' So they walked on together.', 'Di jalan ia bertemu anjing belang. ''Mau ke mana, Momotaro?'' ''Ke Pulau Raksasa, demi kedamaian.'' ''Beri aku sekue dan aku ikut!'' Maka mereka berjalan bersama.');
INSERT OR IGNORE INTO book_pages (id, book_id, page_number, illustration_seed, text_en, text_id) VALUES ('pag_momotaro-the-peach-boy_8', 'bok_momotaro-the-peach-boy', 8, 'momo-8', 'Next came a clever monkey, and then a bright-eyed pheasant. Each shared a dumpling, and each joined the quest. Now they were four brave friends.', 'Lalu datang seekor monyet cerdik, dan seekor burung pegar bermata cerah. Masing-masing berbagi kue, dan masing-masing ikut serta. Kini mereka berempat sahabat pemberani.');
INSERT OR IGNORE INTO book_pages (id, book_id, page_number, illustration_seed, text_en, text_id) VALUES ('pag_momotaro-the-peach-boy_9', 'bok_momotaro-the-peach-boy', 9, 'momo-9', 'They built a little boat and rowed across the wide blue sea. The pheasant flew ahead to scout, the monkey climbed the mast, and the dog watched the waves.', 'Mereka membuat perahu kecil dan mendayung menyeberangi laut biru yang luas. Pegar terbang memandu, monyet memanjat tiang, dan anjing mengawasi ombak.');
INSERT OR IGNORE INTO book_pages (id, book_id, page_number, illustration_seed, text_en, text_id) VALUES ('pag_momotaro-the-peach-boy_10', 'bok_momotaro-the-peach-boy', 10, 'momo-10', 'At last they reached Ogre Island, ringed by tall black walls. The ogres laughed from their fortress. ''Go home, little boy!'' they shouted.', 'Akhirnya mereka sampai di Pulau Raksasa, dikelilingi tembok hitam yang tinggi. Para raksasa tertawa dari benteng mereka. ''Pulanglah, anak kecil!'' teriak mereka.');
INSERT OR IGNORE INTO book_pages (id, book_id, page_number, illustration_seed, text_en, text_id) VALUES ('pag_momotaro-the-peach-boy_11', 'bok_momotaro-the-peach-boy', 11, 'momo-11', 'But Momotaro and his friends worked as a team. The pheasant swooped and distracted the ogres, the monkey unlocked the gate, and the dog and Momotaro walked bravely inside.', 'Namun Momotaro dan sahabatnya bekerja sebagai satu tim. Pegar menukik mengalihkan perhatian raksasa, monyet membuka gerbang, dan anjing bersama Momotaro melangkah masuk dengan berani.');
INSERT OR IGNORE INTO book_pages (id, book_id, page_number, illustration_seed, text_en, text_id) VALUES ('pag_momotaro-the-peach-boy_12', 'bok_momotaro-the-peach-boy', 12, 'momo-12', 'The ogre king was surprised by their courage and teamwork. ''We surrender!'' he said. ''We are sorry for the trouble we caused.''', 'Raja raksasa terkejut oleh keberanian dan kerja sama mereka. ''Kami menyerah!'' katanya. ''Kami minta maaf atas kekacauan yang kami buat.''');
INSERT OR IGNORE INTO book_pages (id, book_id, page_number, illustration_seed, text_en, text_id) VALUES ('pag_momotaro-the-peach-boy_13', 'bok_momotaro-the-peach-boy', 13, 'momo-13', 'Momotaro did not wish to be cruel. ''Return what you have taken, and promise to trouble the villages no more.'' The ogres agreed and gave back every stolen treasure.', 'Momotaro tak ingin kejam. ''Kembalikan yang kalian rampas, dan berjanjilah tak lagi mengganggu desa.'' Para raksasa setuju dan mengembalikan setiap harta yang mereka curi.');
INSERT OR IGNORE INTO book_pages (id, book_id, page_number, illustration_seed, text_en, text_id) VALUES ('pag_momotaro-the-peach-boy_14', 'bok_momotaro-the-peach-boy', 14, 'momo-14', 'Momotaro and his three friends sailed home as heroes. The village celebrated, and the old couple hugged their brave Peach Boy with happy tears.', 'Momotaro dan tiga sahabatnya berlayar pulang sebagai pahlawan. Desa bersukacita, dan pasangan tua itu memeluk Anak Persik pemberani mereka dengan air mata bahagia.');
INSERT OR IGNORE INTO book_pages (id, book_id, page_number, illustration_seed, text_en, text_id) VALUES ('pag_momotaro-the-peach-boy_15', 'bok_momotaro-the-peach-boy', 15, 'momo-15', 'And from that day, the island lived in peace — because Momotaro knew that courage and good friends can solve even the biggest troubles. The end.', 'Dan sejak hari itu, pulau itu hidup damai — sebab Momotaro tahu bahwa keberanian dan sahabat yang baik dapat mengatasi masalah terbesar sekalipun. Tamat.');
INSERT OR IGNORE INTO quiz_questions (id, book_id, sort_order, question_en, question_id, options_en_json, options_id_json, correct_index, xp_reward) VALUES ('qz_momotaro-the-peach-boy_1', 'bok_momotaro-the-peach-boy', 1, 'Where was Momotaro found?', 'Di mana Momotaro ditemukan?', '["In a basket","Inside a giant peach","Under a tree","In a boat"]', '["Dalam keranjang","Di dalam persik raksasa","Di bawah pohon","Di perahu"]', 1, 10);
INSERT OR IGNORE INTO quiz_questions (id, book_id, sort_order, question_en, question_id, options_en_json, options_id_json, correct_index, xp_reward) VALUES ('qz_momotaro-the-peach-boy_2', 'bok_momotaro-the-peach-boy', 2, 'Who joined Momotaro on his journey?', 'Siapa yang menemani Momotaro?', '["A dog, a monkey, and a pheasant","Three ogres","His teacher","No one"]', '["Anjing, monyet, dan pegar","Tiga raksasa","Gurunya","Tak seorang pun"]', 0, 10);
INSERT OR IGNORE INTO quiz_questions (id, book_id, sort_order, question_en, question_id, options_en_json, options_id_json, correct_index, xp_reward) VALUES ('qz_momotaro-the-peach-boy_3', 'bok_momotaro-the-peach-boy', 3, 'How did they defeat the ogres?', 'Bagaimana mereka mengalahkan raksasa?', '["By fighting alone","With teamwork","By running away","With magic"]', '["Bertarung sendiri","Dengan kerja sama","Dengan melarikan diri","Dengan sihir"]', 1, 10);

INSERT OR IGNORE INTO books (id, slug, title_en, title_id, description_en, description_id, category_id, author_id, cover_palette, cover_emoji, age_min, age_max, is_premium, status, page_count, read_count, created_at, updated_at) VALUES ('bok_anansi-and-the-pot-of-wisdom', 'anansi-and-the-pot-of-wisdom', 'Anansi and the Pot of Wisdom', 'Anansi dan Periuk Kebijaksanaan', 'A clever spider tries to keep all the world''s wisdom for himself — and learns something wiser than he expected.', 'Laba-laba cerdik berusaha menyimpan semua kebijaksanaan dunia untuk dirinya sendiri — lalu belajar sesuatu yang lebih bijak dari dugaannya.', 'cat_moral-stories', 'aut_axto-creative-team', 'forest', '🕷️', 4, 9, 0, 'published', 12, 2512, 1784514532774, 1784514532774);
INSERT OR IGNORE INTO book_pages (id, book_id, page_number, illustration_seed, text_en, text_id) VALUES ('pag_anansi-and-the-pot-of-wisdom_1', 'bok_anansi-and-the-pot-of-wisdom', 1, 'anansi-1', 'In the warm forests of West Africa, there lived a clever spider named Anansi. He loved to know things — more than anyone else in the whole world.', 'Di hutan hangat Afrika Barat, hiduplah laba-laba cerdik bernama Anansi. Ia suka mengetahui banyak hal — lebih dari siapa pun di seluruh dunia.');
INSERT OR IGNORE INTO book_pages (id, book_id, page_number, illustration_seed, text_en, text_id) VALUES ('pag_anansi-and-the-pot-of-wisdom_2', 'bok_anansi-and-the-pot-of-wisdom', 2, 'anansi-2', 'One day Anansi had an idea. ''If I gather ALL the wisdom in the world into one pot,'' he thought, ''then I will be the wisest of all, and everyone will need me.''', 'Suatu hari Anansi punya gagasan. ''Jika kukumpulkan SEMUA kebijaksanaan dunia ke dalam satu periuk,'' pikirnya, ''aku akan menjadi yang paling bijak, dan semua orang membutuhkanku.''');
INSERT OR IGNORE INTO book_pages (id, book_id, page_number, illustration_seed, text_en, text_id) VALUES ('pag_anansi-and-the-pot-of-wisdom_3', 'bok_anansi-and-the-pot-of-wisdom', 3, 'anansi-3', 'So he traveled far and wide, collecting wise sayings, clever ideas, and useful knowledge, and he poured every drop into a great clay pot.', 'Maka ia mengembara jauh, mengumpulkan kata-kata bijak, ide cerdas, dan pengetahuan berguna, lalu menuang setiap tetesnya ke dalam periuk tanah liat yang besar.');
INSERT OR IGNORE INTO book_pages (id, book_id, page_number, illustration_seed, text_en, text_id) VALUES ('pag_anansi-and-the-pot-of-wisdom_4', 'bok_anansi-and-the-pot-of-wisdom', 4, 'anansi-4', 'When the pot was full, Anansi wanted to hide it where no one could ever reach it. ''I will keep it at the very top of the tallest tree,'' he decided.', 'Ketika periuk itu penuh, Anansi ingin menyembunyikannya di tempat yang tak terjangkau siapa pun. ''Akan kusimpan di puncak pohon tertinggi,'' putusnya.');
INSERT OR IGNORE INTO book_pages (id, book_id, page_number, illustration_seed, text_en, text_id) VALUES ('pag_anansi-and-the-pot-of-wisdom_5', 'bok_anansi-and-the-pot-of-wisdom', 5, 'anansi-5', 'He tied the heavy pot to the front of his belly and began to climb. But the pot kept bumping against the trunk and getting in his way.', 'Ia mengikat periuk berat itu di depan perutnya dan mulai memanjat. Namun periuk itu terus terbentur batang pohon dan menghalangi jalannya.');
INSERT OR IGNORE INTO book_pages (id, book_id, page_number, illustration_seed, text_en, text_id) VALUES ('pag_anansi-and-the-pot-of-wisdom_6', 'bok_anansi-and-the-pot-of-wisdom', 6, 'anansi-6', 'Again and again he slipped back down. The pot was simply too big and awkward to carry up the front of him. Anansi grew tired and cross.', 'Berulang kali ia melorot turun. Periuk itu terlalu besar dan menyusahkan untuk dibawa di depan tubuhnya. Anansi menjadi lelah dan kesal.');
INSERT OR IGNORE INTO book_pages (id, book_id, page_number, illustration_seed, text_en, text_id) VALUES ('pag_anansi-and-the-pot-of-wisdom_7', 'bok_anansi-and-the-pot-of-wisdom', 7, 'anansi-7', 'Down below, his young son had been watching quietly. ''Father,'' he called up, ''wouldn''t it be easier to tie the pot on your BACK? Then you could climb freely.''', 'Di bawah, anaknya yang kecil memperhatikan dengan tenang. ''Ayah,'' serunya, ''bukankah lebih mudah mengikat periuk di PUNGGUNG? Agar Ayah bisa memanjat dengan leluasa.''');
INSERT OR IGNORE INTO book_pages (id, book_id, page_number, illustration_seed, text_en, text_id) VALUES ('pag_anansi-and-the-pot-of-wisdom_8', 'bok_anansi-and-the-pot-of-wisdom', 8, 'anansi-8', 'Anansi stopped. The idea was so simple — and so clever — and it had come from his little son, not from the great pot of wisdom at all.', 'Anansi terdiam. Gagasan itu begitu sederhana — dan begitu cerdas — dan datang dari anak kecilnya, bukan dari periuk kebijaksanaan yang besar itu.');
INSERT OR IGNORE INTO book_pages (id, book_id, page_number, illustration_seed, text_en, text_id) VALUES ('pag_anansi-and-the-pot-of-wisdom_9', 'bok_anansi-and-the-pot-of-wisdom', 9, 'anansi-9', '''I gathered all the wisdom in the world,'' Anansi said slowly, ''yet my own son knew something I did not. Wisdom cannot belong to just one person.''', '''Aku mengumpulkan semua kebijaksanaan dunia,'' kata Anansi perlahan, ''namun anakku sendiri tahu sesuatu yang tak kuketahui. Kebijaksanaan tak bisa menjadi milik satu orang saja.''');
INSERT OR IGNORE INTO book_pages (id, book_id, page_number, illustration_seed, text_en, text_id) VALUES ('pag_anansi-and-the-pot-of-wisdom_10', 'bok_anansi-and-the-pot-of-wisdom', 10, 'anansi-10', 'In that moment Anansi understood. He lifted the pot high and let it tip. The wisdom spilled out and scattered on the wind, drifting to every corner of the earth.', 'Saat itu Anansi mengerti. Ia mengangkat periuk itu tinggi-tinggi dan menumpahkannya. Kebijaksanaan tumpah dan berhamburan tertiup angin, melayang ke setiap sudut bumi.');
INSERT OR IGNORE INTO book_pages (id, book_id, page_number, illustration_seed, text_en, text_id) VALUES ('pag_anansi-and-the-pot-of-wisdom_11', 'bok_anansi-and-the-pot-of-wisdom', 11, 'anansi-11', 'That is why, to this day, a little bit of wisdom can be found in everyone — in the old and the young, the big and the small.', 'Itulah sebabnya, hingga kini, sedikit kebijaksanaan bisa ditemukan pada setiap orang — pada yang tua dan yang muda, yang besar dan yang kecil.');
INSERT OR IGNORE INTO book_pages (id, book_id, page_number, illustration_seed, text_en, text_id) VALUES ('pag_anansi-and-the-pot-of-wisdom_12', 'bok_anansi-and-the-pot-of-wisdom', 12, 'anansi-12', 'And Anansi learned the wisest lesson of all: that we grow wiser not by keeping knowledge to ourselves, but by sharing it. The end.', 'Dan Anansi belajar pelajaran paling bijak: bahwa kita menjadi lebih bijak bukan dengan menyimpan pengetahuan sendiri, melainkan dengan membagikannya. Tamat.');
INSERT OR IGNORE INTO quiz_questions (id, book_id, sort_order, question_en, question_id, options_en_json, options_id_json, correct_index, xp_reward) VALUES ('qz_anansi-and-the-pot-of-wisdom_1', 'bok_anansi-and-the-pot-of-wisdom', 1, 'What did Anansi try to collect?', 'Apa yang Anansi coba kumpulkan?', '["Gold coins","All the wisdom in the world","Ripe fruit","Spider webs"]', '["Koin emas","Semua kebijaksanaan dunia","Buah matang","Jaring laba-laba"]', 1, 10);
INSERT OR IGNORE INTO quiz_questions (id, book_id, sort_order, question_en, question_id, options_en_json, options_id_json, correct_index, xp_reward) VALUES ('qz_anansi-and-the-pot-of-wisdom_2', 'bok_anansi-and-the-pot-of-wisdom', 2, 'Who gave Anansi the clever idea?', 'Siapa yang memberi Anansi ide cerdas?', '["A wise king","His young son","A bird","No one"]', '["Raja bijak","Anaknya yang kecil","Seekor burung","Tak seorang pun"]', 1, 10);
INSERT OR IGNORE INTO quiz_questions (id, book_id, sort_order, question_en, question_id, options_en_json, options_id_json, correct_index, xp_reward) VALUES ('qz_anansi-and-the-pot-of-wisdom_3', 'bok_anansi-and-the-pot-of-wisdom', 3, 'What did Anansi learn?', 'Apa yang Anansi pelajari?', '["To keep everything","That wisdom grows by sharing","To climb faster","To stay quiet"]', '["Menyimpan segalanya","Kebijaksanaan tumbuh dengan berbagi","Memanjat lebih cepat","Diam saja"]', 1, 10);

INSERT OR IGNORE INTO books (id, slug, title_en, title_id, description_en, description_id, category_id, author_id, cover_palette, cover_emoji, age_min, age_max, is_premium, status, page_count, read_count, created_at, updated_at) VALUES ('bok_the-fisherman-and-the-golden-fish', 'the-fisherman-and-the-golden-fish', 'The Fisherman and the Golden Fish', 'Nelayan dan Ikan Emas', 'A kind old fisherman frees a magical fish — but when wishes grow greedy, he learns what truly matters.', 'Nelayan tua yang baik hati membebaskan ikan ajaib — namun ketika permintaan berubah tamak, ia belajar apa yang sungguh berharga.', 'cat_moral-stories', 'aut_axto-creative-team', 'ocean', '🐟', 4, 9, 0, 'published', 14, 3737, 1784514532774, 1784514532774);
INSERT OR IGNORE INTO book_pages (id, book_id, page_number, illustration_seed, text_en, text_id) VALUES ('pag_the-fisherman-and-the-golden-fish_1', 'bok_the-fisherman-and-the-golden-fish', 1, 'gfish-1', 'By the shore of a wide grey sea lived a poor old fisherman and his wife, in a tiny hut with a leaky roof and one old fishing net.', 'Di tepi laut kelabu yang luas, tinggallah nelayan tua yang miskin dan istrinya, di gubuk kecil beratap bocor dengan satu jala tua.');
INSERT OR IGNORE INTO book_pages (id, book_id, page_number, illustration_seed, text_en, text_id) VALUES ('pag_the-fisherman-and-the-golden-fish_2', 'bok_the-fisherman-and-the-golden-fish', 2, 'gfish-2', 'One morning the fisherman cast his net and pulled up something that shimmered like sunlight — a beautiful golden fish.', 'Suatu pagi nelayan menebar jala dan menarik sesuatu yang berkilau seperti cahaya matahari — seekor ikan emas yang indah.');
INSERT OR IGNORE INTO book_pages (id, book_id, page_number, illustration_seed, text_en, text_id) VALUES ('pag_the-fisherman-and-the-golden-fish_3', 'bok_the-fisherman-and-the-golden-fish', 3, 'gfish-3', 'To his amazement, the fish spoke. ''Kind fisherman, please let me go, and I will grant you a wish in return.''', 'Betapa terkejutnya ia, ikan itu berbicara. ''Nelayan yang baik, tolong lepaskan aku, dan aku akan mengabulkan satu permintaanmu.''');
INSERT OR IGNORE INTO book_pages (id, book_id, page_number, illustration_seed, text_en, text_id) VALUES ('pag_the-fisherman-and-the-golden-fish_4', 'bok_the-fisherman-and-the-golden-fish', 4, 'gfish-4', 'The fisherman had a gentle heart. ''You need no reward, little fish. Go home to your family.'' And he slipped the golden fish back into the waves.', 'Nelayan itu berhati lembut. ''Kau tak perlu memberi imbalan, ikan kecil. Pulanglah ke keluargamu.'' Dan ia melepas ikan emas itu kembali ke ombak.');
INSERT OR IGNORE INTO book_pages (id, book_id, page_number, illustration_seed, text_en, text_id) VALUES ('pag_the-fisherman-and-the-golden-fish_5', 'bok_the-fisherman-and-the-golden-fish', 5, 'gfish-5', 'When he told his wife, she frowned. ''You foolish man! Go back and ask for a fine new loaf of bread — ours is stale.''', 'Ketika ia bercerita pada istrinya, sang istri mengernyit. ''Suami bodoh! Kembalilah dan minta sepotong roti baru yang enak — roti kita sudah basi.''');
INSERT OR IGNORE INTO book_pages (id, book_id, page_number, illustration_seed, text_en, text_id) VALUES ('pag_the-fisherman-and-the-golden-fish_6', 'bok_the-fisherman-and-the-golden-fish', 6, 'gfish-6', 'The fisherman called the fish, and at once fresh warm bread appeared on their table. But the next day, his wife wanted more.', 'Nelayan memanggil ikan itu, dan seketika roti hangat yang segar muncul di meja mereka. Namun keesokan harinya, istrinya ingin lebih.');
INSERT OR IGNORE INTO book_pages (id, book_id, page_number, illustration_seed, text_en, text_id) VALUES ('pag_the-fisherman-and-the-golden-fish_7', 'bok_the-fisherman-and-the-golden-fish', 7, 'gfish-7', '''Ask for a new house!'' she said. So he did, and their leaky hut became a snug cottage with a solid roof and a warm fire.', '''Minta rumah baru!'' katanya. Maka ia melakukannya, dan gubuk bocor mereka menjadi pondok nyaman beratap kokoh dengan perapian yang hangat.');
INSERT OR IGNORE INTO book_pages (id, book_id, page_number, illustration_seed, text_en, text_id) VALUES ('pag_the-fisherman-and-the-golden-fish_8', 'bok_the-fisherman-and-the-golden-fish', 8, 'gfish-8', 'But a cottage was not enough. ''Now ask for a grand mansion, with servants and gardens!'' Again the fish granted it. Yet still she was not happy.', 'Namun pondok itu tak cukup. ''Sekarang minta rumah megah, dengan pelayan dan taman!'' Lagi-lagi ikan itu mengabulkannya. Namun sang istri tetap tak bahagia.');
INSERT OR IGNORE INTO book_pages (id, book_id, page_number, illustration_seed, text_en, text_id) VALUES ('pag_the-fisherman-and-the-golden-fish_9', 'bok_the-fisherman-and-the-golden-fish', 9, 'gfish-9', '''I do not want to be rich,'' she declared. ''I want to be Queen of all the land!'' The fisherman''s heart sank, but he went to the shore once more.', '''Aku tak mau hanya kaya,'' katanya. ''Aku ingin menjadi Ratu seluruh negeri!'' Hati nelayan itu tenggelam, tetapi ia pergi ke pantai sekali lagi.');
INSERT OR IGNORE INTO book_pages (id, book_id, page_number, illustration_seed, text_en, text_id) VALUES ('pag_the-fisherman-and-the-golden-fish_10', 'bok_the-fisherman-and-the-golden-fish', 10, 'gfish-10', 'The sea had turned dark and stormy. The golden fish rose from the churning waves. ''What does she wish for now?'' it asked quietly.', 'Laut menjadi gelap dan bergolak. Ikan emas muncul dari ombak yang bergemuruh. ''Apa lagi yang ia inginkan sekarang?'' tanyanya perlahan.');
INSERT OR IGNORE INTO book_pages (id, book_id, page_number, illustration_seed, text_en, text_id) VALUES ('pag_the-fisherman-and-the-golden-fish_11', 'bok_the-fisherman-and-the-golden-fish', 11, 'gfish-11', '''She wishes to be Queen,'' the fisherman whispered, ashamed. The fish looked at him with sad, wise eyes, then vanished beneath the water without a word.', '''Ia ingin menjadi Ratu,'' bisik nelayan itu dengan malu. Ikan itu menatapnya dengan mata sedih nan bijak, lalu lenyap di bawah air tanpa sepatah kata.');
INSERT OR IGNORE INTO book_pages (id, book_id, page_number, illustration_seed, text_en, text_id) VALUES ('pag_the-fisherman-and-the-golden-fish_12', 'bok_the-fisherman-and-the-golden-fish', 12, 'gfish-12', 'When the fisherman walked home, the mansion was gone. The gardens were gone. There stood only their tiny old hut, with its leaky roof, just as before.', 'Ketika nelayan pulang, rumah megah itu lenyap. Tamannya lenyap. Yang tersisa hanya gubuk tua kecil mereka, dengan atap bocornya, persis seperti dulu.');
INSERT OR IGNORE INTO book_pages (id, book_id, page_number, illustration_seed, text_en, text_id) VALUES ('pag_the-fisherman-and-the-golden-fish_13', 'bok_the-fisherman-and-the-golden-fish', 13, 'gfish-13', 'His wife sat quietly by the door. For the first time in a long while, she looked at all they still had — each other, a roof, and the wide kind sea.', 'Istrinya duduk diam di dekat pintu. Untuk pertama kalinya sejak lama, ia memandang semua yang masih mereka miliki — satu sama lain, sebuah atap, dan laut yang luas dan ramah.');
INSERT OR IGNORE INTO book_pages (id, book_id, page_number, illustration_seed, text_en, text_id) VALUES ('pag_the-fisherman-and-the-golden-fish_14', 'bok_the-fisherman-and-the-golden-fish', 14, 'gfish-14', '''I am sorry,'' she said softly. ''I forgot to be thankful.'' And from that day they lived simply and gratefully, and were happier than any king or queen. The end.', '''Maafkan aku,'' katanya lirih. ''Aku lupa bersyukur.'' Dan sejak hari itu mereka hidup sederhana dan penuh syukur, lebih bahagia dari raja atau ratu mana pun. Tamat.');
INSERT OR IGNORE INTO quiz_questions (id, book_id, sort_order, question_en, question_id, options_en_json, options_id_json, correct_index, xp_reward) VALUES ('qz_the-fisherman-and-the-golden-fish_1', 'bok_the-fisherman-and-the-golden-fish', 1, 'Why did the fisherman first let the fish go?', 'Mengapa nelayan mula-mula melepas ikan itu?', '["He wasn''t hungry","He had a kind heart","The fish was too small","He was afraid"]', '["Ia tak lapar","Ia berhati baik","Ikannya terlalu kecil","Ia takut"]', 1, 10);
INSERT OR IGNORE INTO quiz_questions (id, book_id, sort_order, question_en, question_id, options_en_json, options_id_json, correct_index, xp_reward) VALUES ('qz_the-fisherman-and-the-golden-fish_2', 'bok_the-fisherman-and-the-golden-fish', 2, 'What happened when the wife grew greedy?', 'Apa yang terjadi saat istrinya menjadi tamak?', '["She became Queen","Everything vanished","The fish gave more","Nothing changed"]', '["Ia jadi Ratu","Semuanya lenyap","Ikan memberi lebih","Tak ada yang berubah"]', 1, 10);
INSERT OR IGNORE INTO quiz_questions (id, book_id, sort_order, question_en, question_id, options_en_json, options_id_json, correct_index, xp_reward) VALUES ('qz_the-fisherman-and-the-golden-fish_3', 'bok_the-fisherman-and-the-golden-fish', 3, 'What did the wife finally learn?', 'Apa yang akhirnya dipelajari istrinya?', '["To wish for more","To be thankful","To catch fish","To build houses"]', '["Meminta lebih banyak","Bersyukur","Menangkap ikan","Membangun rumah"]', 1, 10);

INSERT OR IGNORE INTO books (id, slug, title_en, title_id, description_en, description_id, category_id, author_id, cover_palette, cover_emoji, age_min, age_max, is_premium, status, page_count, read_count, created_at, updated_at) VALUES ('bok_the-magic-paintbrush', 'the-magic-paintbrush', 'The Magic Paintbrush', 'Kuas Ajaib', 'A poor but generous boy is given a paintbrush that brings drawings to life — and uses its magic to help everyone but the greedy.', 'Anak miskin yang murah hati diberi kuas yang menghidupkan gambar — dan memakai keajaibannya untuk menolong semua orang, kecuali yang tamak.', 'cat_fairy-tales', 'aut_axto-creative-team', 'sunrise', '🖌️', 4, 9, 0, 'published', 13, 565, 1784514532774, 1784514532774);
INSERT OR IGNORE INTO book_pages (id, book_id, page_number, illustration_seed, text_en, text_id) VALUES ('pag_the-magic-paintbrush_1', 'bok_the-magic-paintbrush', 1, 'brush-1', 'In a village in old China lived a poor boy named Ma Liang. He had no paints and no brush, but more than anything in the world, he longed to draw.', 'Di sebuah desa di Tiongkok kuno, tinggallah anak miskin bernama Ma Liang. Ia tak punya cat maupun kuas, tetapi lebih dari apa pun di dunia, ia ingin menggambar.');
INSERT OR IGNORE INTO book_pages (id, book_id, page_number, illustration_seed, text_en, text_id) VALUES ('pag_the-magic-paintbrush_2', 'bok_the-magic-paintbrush', 2, 'brush-2', 'He practiced with a twig in the sand and a wet finger on stone. Every bird, every fish, every leaf he drew looked almost ready to move.', 'Ia berlatih dengan ranting di pasir dan jari basah di atas batu. Setiap burung, ikan, dan daun yang ia gambar tampak nyaris bergerak.');
INSERT OR IGNORE INTO book_pages (id, book_id, page_number, illustration_seed, text_en, text_id) VALUES ('pag_the-magic-paintbrush_3', 'bok_the-magic-paintbrush', 3, 'brush-3', 'One night an old man with a kind, glowing face appeared in his dream. ''You have a good and generous heart, Ma Liang. Here is a gift.''', 'Suatu malam, seorang kakek berwajah ramah dan bercahaya muncul dalam mimpinya. ''Hatimu baik dan murah hati, Ma Liang. Ini sebuah hadiah.''');
INSERT OR IGNORE INTO book_pages (id, book_id, page_number, illustration_seed, text_en, text_id) VALUES ('pag_the-magic-paintbrush_4', 'bok_the-magic-paintbrush', 4, 'brush-4', 'When Ma Liang woke, a beautiful paintbrush lay in his hand. He dipped it and painted a crane — and the crane flapped its wings and flew off the paper into the sky!', 'Ketika Ma Liang bangun, sebuah kuas indah ada di tangannya. Ia mencelupkannya dan melukis burung bangau — dan bangau itu mengepakkan sayap dan terbang dari kertas ke langit!');
INSERT OR IGNORE INTO book_pages (id, book_id, page_number, illustration_seed, text_en, text_id) VALUES ('pag_the-magic-paintbrush_5', 'bok_the-magic-paintbrush', 5, 'brush-5', 'It was a magic paintbrush: whatever he painted came to life. But Ma Liang remembered his empty stomach and his poor neighbours.', 'Itu kuas ajaib: apa pun yang ia lukis menjadi hidup. Namun Ma Liang teringat perutnya yang lapar dan tetangganya yang miskin.');
INSERT OR IGNORE INTO book_pages (id, book_id, page_number, illustration_seed, text_en, text_id) VALUES ('pag_the-magic-paintbrush_6', 'bok_the-magic-paintbrush', 6, 'brush-6', 'He did not paint gold for himself. Instead he painted a plough for the farmer, a bucket for the water-carrier, and a warm blanket for a shivering old woman.', 'Ia tak melukis emas untuk dirinya. Ia justru melukis bajak untuk petani, ember untuk pembawa air, dan selimut hangat untuk nenek yang kedinginan.');
INSERT OR IGNORE INTO book_pages (id, book_id, page_number, illustration_seed, text_en, text_id) VALUES ('pag_the-magic-paintbrush_7', 'bok_the-magic-paintbrush', 7, 'brush-7', 'Soon the whole village had what it needed, and everyone loved the kind boy with the magic brush.', 'Tak lama, seluruh desa memiliki apa yang mereka butuhkan, dan semua orang menyayangi anak baik dengan kuas ajaib itu.');
INSERT OR IGNORE INTO book_pages (id, book_id, page_number, illustration_seed, text_en, text_id) VALUES ('pag_the-magic-paintbrush_8', 'bok_the-magic-paintbrush', 8, 'brush-8', 'But news of the brush reached a greedy rich lord. He sent his guards to seize Ma Liang and lock him in a cold stone room. ''Paint me a mountain of gold!'' he demanded.', 'Namun kabar tentang kuas itu sampai ke telinga tuan tanah yang tamak. Ia mengirim pengawal menangkap Ma Liang dan menguncinya di ruang batu yang dingin. ''Lukiskan aku gunung emas!'' perintahnya.');
INSERT OR IGNORE INTO book_pages (id, book_id, page_number, illustration_seed, text_en, text_id) VALUES ('pag_the-magic-paintbrush_9', 'bok_the-magic-paintbrush', 9, 'brush-9', 'Ma Liang thought carefully. He agreed — but he was clever. First he painted a wide blue sea. ''Where is my gold?'' snapped the lord.', 'Ma Liang berpikir hati-hati. Ia setuju — tetapi ia cerdik. Pertama ia melukis laut biru yang luas. ''Mana emasku?'' bentak sang tuan tanah.');
INSERT OR IGNORE INTO book_pages (id, book_id, page_number, illustration_seed, text_en, text_id) VALUES ('pag_the-magic-paintbrush_10', 'bok_the-magic-paintbrush', 10, 'brush-10', '''The gold is on an island across the water,'' said Ma Liang, and he painted a fine ship. The greedy lord and his guards jumped aboard at once.', '''Emasnya ada di pulau seberang,'' kata Ma Liang, lalu ia melukis kapal yang bagus. Tuan tanah tamak dan pengawalnya langsung melompat naik.');
INSERT OR IGNORE INTO book_pages (id, book_id, page_number, illustration_seed, text_en, text_id) VALUES ('pag_the-magic-paintbrush_11', 'bok_the-magic-paintbrush', 11, 'brush-11', '''Faster! Faster!'' cried the lord. So Ma Liang painted a strong wind. He painted it stronger, and stronger — until the waves rose and carried the ship far, far over the horizon.', '''Lebih cepat! Lebih cepat!'' teriak sang tuan tanah. Maka Ma Liang melukis angin kencang. Ia melukisnya makin kencang, makin kencang — hingga ombak meninggi dan membawa kapal itu jauh, jauh melewati cakrawala.');
INSERT OR IGNORE INTO book_pages (id, book_id, page_number, illustration_seed, text_en, text_id) VALUES ('pag_the-magic-paintbrush_12', 'bok_the-magic-paintbrush', 12, 'brush-12', 'The greedy lord was never seen troubling the village again. Ma Liang returned home free, and to the people who were kind and worked hard.', 'Tuan tanah tamak itu tak pernah lagi terlihat mengganggu desa. Ma Liang pulang dengan bebas, kembali kepada orang-orang yang baik dan pekerja keras.');
INSERT OR IGNORE INTO book_pages (id, book_id, page_number, illustration_seed, text_en, text_id) VALUES ('pag_the-magic-paintbrush_13', 'bok_the-magic-paintbrush', 13, 'brush-13', 'For the rest of his days, Ma Liang used his magic brush only to help those in need — for he knew that a gift is truest when it is shared. The end.', 'Sepanjang sisa hidupnya, Ma Liang memakai kuas ajaibnya hanya untuk menolong yang membutuhkan — sebab ia tahu bahwa sebuah anugerah paling berarti ketika dibagikan. Tamat.');
INSERT OR IGNORE INTO quiz_questions (id, book_id, sort_order, question_en, question_id, options_en_json, options_id_json, correct_index, xp_reward) VALUES ('qz_the-magic-paintbrush_1', 'bok_the-magic-paintbrush', 1, 'What did the magic paintbrush do?', 'Apa yang dilakukan kuas ajaib itu?', '["Made things invisible","Brought drawings to life","Turned things to gold","Told stories"]', '["Membuat benda tak terlihat","Menghidupkan gambar","Mengubah benda jadi emas","Bercerita"]', 1, 10);
INSERT OR IGNORE INTO quiz_questions (id, book_id, sort_order, question_en, question_id, options_en_json, options_id_json, correct_index, xp_reward) VALUES ('qz_the-magic-paintbrush_2', 'bok_the-magic-paintbrush', 2, 'What did Ma Liang paint for the village?', 'Apa yang Ma Liang lukis untuk desa?', '["Gold for himself","Tools and blankets to help others","A castle","Nothing"]', '["Emas untuk dirinya","Alat dan selimut untuk menolong","Sebuah istana","Tidak ada"]', 1, 10);
INSERT OR IGNORE INTO quiz_questions (id, book_id, sort_order, question_en, question_id, options_en_json, options_id_json, correct_index, xp_reward) VALUES ('qz_the-magic-paintbrush_3', 'bok_the-magic-paintbrush', 3, 'How did Ma Liang outwit the greedy lord?', 'Bagaimana Ma Liang mengecoh tuan tanah tamak?', '["He gave him gold","He painted a storm at sea","He ran away","He apologised"]', '["Memberinya emas","Melukis badai di laut","Melarikan diri","Meminta maaf"]', 1, 10);

INSERT OR IGNORE INTO books (id, slug, title_en, title_id, description_en, description_id, category_id, author_id, cover_palette, cover_emoji, age_min, age_max, is_premium, status, page_count, read_count, created_at, updated_at) VALUES ('bok_stone-soup', 'stone-soup', 'Stone Soup', 'Sup Batu', 'Three tired travellers arrive at a village with nothing but a stone — and teach everyone the magic of sharing.', 'Tiga pengembara lelah tiba di desa hanya dengan sebuah batu — dan mengajarkan semua orang keajaiban berbagi.', 'cat_friendship', 'aut_axto-creative-team', 'forest', '🍲', 3, 8, 0, 'published', 12, 2781, 1784514532774, 1784514532774);
INSERT OR IGNORE INTO book_pages (id, book_id, page_number, illustration_seed, text_en, text_id) VALUES ('pag_stone-soup_1', 'bok_stone-soup', 1, 'soup-1', 'Three tired travellers walked a long dusty road until they reached a small village at dusk. They were hungry, and they had no food at all.', 'Tiga pengembara yang lelah menyusuri jalan berdebu yang panjang hingga tiba di desa kecil saat senja. Mereka lapar, dan sama sekali tak punya makanan.');
INSERT OR IGNORE INTO book_pages (id, book_id, page_number, illustration_seed, text_en, text_id) VALUES ('pag_stone-soup_2', 'bok_stone-soup', 2, 'soup-2', 'They knocked on doors, but times were hard. ''We have nothing to spare,'' said each villager, and quietly closed the door.', 'Mereka mengetuk pintu-pintu, tetapi masa itu sulit. ''Kami tak punya lebih,'' kata setiap warga, lalu menutup pintu perlahan.');
INSERT OR IGNORE INTO book_pages (id, book_id, page_number, illustration_seed, text_en, text_id) VALUES ('pag_stone-soup_3', 'bok_stone-soup', 3, 'soup-3', 'The travellers were not angry. Instead, they smiled. ''Then we shall make Stone Soup, and share it with the whole village!''', 'Para pengembara tidak marah. Mereka justru tersenyum. ''Kalau begitu kami akan membuat Sup Batu, dan membaginya dengan seluruh desa!''');
INSERT OR IGNORE INTO book_pages (id, book_id, page_number, illustration_seed, text_en, text_id) VALUES ('pag_stone-soup_4', 'bok_stone-soup', 4, 'soup-4', 'In the village square they lit a fire, set a big black pot of water to boil, and gently placed one smooth grey stone inside.', 'Di alun-alun desa mereka menyalakan api, menjerang periuk hitam besar berisi air, dan meletakkan sebuah batu kelabu yang halus ke dalamnya.');
INSERT OR IGNORE INTO book_pages (id, book_id, page_number, illustration_seed, text_en, text_id) VALUES ('pag_stone-soup_5', 'bok_stone-soup', 5, 'soup-5', 'Curious villagers gathered round. ''Stone soup?'' ''Oh yes,'' said a traveller, stirring. ''It is delicious — though a pinch of salt would make it even better.''', 'Warga yang penasaran berkumpul. ''Sup batu?'' ''Oh ya,'' kata seorang pengembara sambil mengaduk. ''Rasanya lezat — meski sejumput garam akan membuatnya lebih enak lagi.''');
INSERT OR IGNORE INTO book_pages (id, book_id, page_number, illustration_seed, text_en, text_id) VALUES ('pag_stone-soup_6', 'bok_stone-soup', 6, 'soup-6', '''I have salt!'' said a woman, and hurried to fetch some. Soon a man said, ''I have a few carrots in my cellar,'' and in they went.', '''Aku punya garam!'' kata seorang perempuan, lalu bergegas mengambilnya. Tak lama seorang lelaki berkata, ''Aku punya beberapa wortel di gudang,'' dan wortel pun dimasukkan.');
INSERT OR IGNORE INTO book_pages (id, book_id, page_number, illustration_seed, text_en, text_id) VALUES ('pag_stone-soup_7', 'bok_stone-soup', 7, 'soup-7', '''Onions would help,'' said a traveller kindly. ''I have onions!'' called a boy. Then came potatoes, then barley, then a handful of fresh green herbs.', '''Bawang akan menambah rasa,'' kata pengembara dengan ramah. ''Aku punya bawang!'' seru seorang anak. Lalu datang kentang, jelai, dan segenggam rempah hijau segar.');
INSERT OR IGNORE INTO book_pages (id, book_id, page_number, illustration_seed, text_en, text_id) VALUES ('pag_stone-soup_8', 'bok_stone-soup', 8, 'soup-8', 'One by one, each villager brought a little of what they had — a cabbage, some beans, a bit of milk — and stirred it into the bubbling pot.', 'Satu per satu, tiap warga membawa sedikit yang mereka punya — sebutir kubis, sedikit kacang, seteguk susu — dan mengaduknya ke dalam periuk yang mendidih.');
INSERT OR IGNORE INTO book_pages (id, book_id, page_number, illustration_seed, text_en, text_id) VALUES ('pag_stone-soup_9', 'bok_stone-soup', 9, 'soup-9', 'The smell that rose from the pot was wonderful. Something that had begun with a single stone was becoming a feast for everyone.', 'Aroma yang naik dari periuk itu sungguh menggoda. Sesuatu yang bermula dari sebutir batu kini menjadi jamuan untuk semua orang.');
INSERT OR IGNORE INTO book_pages (id, book_id, page_number, illustration_seed, text_en, text_id) VALUES ('pag_stone-soup_10', 'bok_stone-soup', 10, 'soup-10', 'When the soup was ready, the whole village sat together in the square, sharing bowls, bread, and laughter under the first stars.', 'Ketika sup matang, seluruh desa duduk bersama di alun-alun, berbagi mangkuk, roti, dan tawa di bawah bintang-bintang pertama.');
INSERT OR IGNORE INTO book_pages (id, book_id, page_number, illustration_seed, text_en, text_id) VALUES ('pag_stone-soup_11', 'bok_stone-soup', 11, 'soup-11', '''What magic stone makes such a soup?'' the villagers asked. The travellers smiled. ''The stone is just a stone. The magic was you — sharing what you had.''', '''Batu ajaib apa yang membuat sup seperti ini?'' tanya warga. Para pengembara tersenyum. ''Batu itu hanyalah batu. Keajaibannya adalah kalian — berbagi apa yang kalian punya.''');
INSERT OR IGNORE INTO book_pages (id, book_id, page_number, illustration_seed, text_en, text_id) VALUES ('pag_stone-soup_12', 'bok_stone-soup', 12, 'soup-12', 'The next morning the travellers walked on, leaving behind a village that had learned the sweetest recipe of all: that a little from everyone becomes plenty for all. The end.', 'Keesokan paginya para pengembara melanjutkan perjalanan, meninggalkan desa yang telah belajar resep termanis: bahwa sedikit dari setiap orang menjadi berlimpah untuk semua. Tamat.');
INSERT OR IGNORE INTO quiz_questions (id, book_id, sort_order, question_en, question_id, options_en_json, options_id_json, correct_index, xp_reward) VALUES ('qz_stone-soup_1', 'bok_stone-soup', 1, 'What did the travellers put in the pot first?', 'Apa yang pertama dimasukkan pengembara ke periuk?', '["A carrot","A stone","An onion","Salt"]', '["Wortel","Sebuah batu","Bawang","Garam"]', 1, 10);
INSERT OR IGNORE INTO quiz_questions (id, book_id, sort_order, question_en, question_id, options_en_json, options_id_json, correct_index, xp_reward) VALUES ('qz_stone-soup_2', 'bok_stone-soup', 2, 'How did the soup become a feast?', 'Bagaimana sup itu menjadi jamuan besar?', '["By magic","Everyone shared a little food","The stone grew","They bought it"]', '["Dengan sihir","Semua berbagi sedikit makanan","Batunya membesar","Mereka membelinya"]', 1, 10);
INSERT OR IGNORE INTO quiz_questions (id, book_id, sort_order, question_en, question_id, options_en_json, options_id_json, correct_index, xp_reward) VALUES ('qz_stone-soup_3', 'bok_stone-soup', 3, 'What was the real ''magic''?', 'Apa ''keajaiban'' yang sebenarnya?', '["The stone","Sharing together","The big pot","The fire"]', '["Batunya","Berbagi bersama","Periuk besar","Apinya"]', 1, 10);

INSERT OR IGNORE INTO users (id, name, email, password_hash, role, locale, avatar_seed, plan, created_at, updated_at) VALUES ('usr_admin_seed', 'Admin AXTO', 'admin@axto.us', 'pbkdf2$100000$HVsYmx+phDQUBCVxHxHoiw==$Zrv0RSWg+cdWdhE+jmaSZwrzXbBEuoyitFDVVgHqXSU=', 'admin', 'id', 'admin-seed', 'lifetime', 1784514532774, 1784514532774);
INSERT OR IGNORE INTO promo_codes (id, code, discount_percent, max_uses, used_count, active, created_at) VALUES ('promo_welcome10', 'WELCOME10', 10, 1000, 0, 1, 1784514532774);

-- Make the whole library free.
UPDATE books SET is_premium = 0;
